highway,osmid,x,y,geometry,elevation
,3835445345,-117.7092997,34.10297429999999,POINT (-117.7092997 34.1029743),381.6374206542969
,2247762320,-117.7081591,34.1050973,POINT (-117.7081591 34.1050973),390.7146911621094
,2247762331,-117.7052972,34.1052271,POINT (-117.7052972 34.1052271),396.798583984375
,2247762347,-117.71254779999998,34.105506899999995,POINT (-117.7125478 34.1055069),387.0149536132812
,2247762350,-117.7071645,34.1055588,POINT (-117.7071645 34.1055588),394.1032104492188
,3695878577,-117.7142892,34.1036977,POINT (-117.7142892 34.1036977),380.5532531738281
,3695878578,-117.71429409999999,34.1043997,POINT (-117.7142941 34.1043997),383.0854797363281
,2247762359,-117.70792279999999,34.1056821,POINT (-117.7079228 34.1056821),393.5418090820312
,2247762374,-117.70769070000001,34.1057224,POINT (-117.7076907 34.1057224),393.3781433105469
,2247762377,-117.7078482,34.1059223,POINT (-117.7078482 34.1059223),393.7840881347656
,2247762378,-117.7079314,34.105937700000005,POINT (-117.7079314 34.1059377),393.7396545410156
,2247762380,-117.70836429999999,34.105943100000005,POINT (-117.7083643 34.1059431),393.4586486816406
,2247762382,-117.70858510000001,34.105944799999996,POINT (-117.7085851 34.1059448),393.1355285644531
,2247762384,-117.70880079999999,34.1059475,POINT (-117.7088008 34.1059475),393.11328125
,2247762386,-117.70905249999998,34.105948299999994,POINT (-117.7090525 34.1059483),393.1519775390625
,2247762388,-117.7091626,34.1059489,POINT (-117.7091626 34.1059489),392.9819641113281
,2247762390,-117.709414,34.1059417,POINT (-117.709414 34.1059417),392.7549133300781
,2247762392,-117.70981770000002,34.1059521,POINT (-117.7098177 34.1059521),392.6399841308594
,2247762394,-117.71022090000001,34.1059562,POINT (-117.7102209 34.1059562),391.9867858886719
,2247762396,-117.70836399999999,34.106161799999995,POINT (-117.708364 34.1061618),394.1473999023438
,2247762398,-117.7085847,34.1061645,POINT (-117.7085847 34.1061645),393.6804504394531
,2247762400,-117.70879380000001,34.1061671,POINT (-117.7087938 34.1061671),393.8039855957031
,2247762402,-117.7090477,34.106170299999995,POINT (-117.7090477 34.1061703),393.7824401855469
,2247762404,-117.709157,34.1061716,POINT (-117.709157 34.1061716),393.6786193847656
,2247762406,-117.7097223,34.106190600000005,POINT (-117.7097223 34.1061906),393.0828247070312
,2247762408,-117.7098082,34.106194099999996,POINT (-117.7098082 34.1061941),393.0635070800781
,2247762410,-117.70991880000001,34.1061923,POINT (-117.7099188 34.1061923),393.1002502441406
,5259526677,-117.7124225,34.1062503,POINT (-117.7124225 34.1062503),390.6080627441406
,5259526678,-117.7124172,34.1065318,POINT (-117.7124172 34.1065318),390.4205017089844
,5258514317,-117.70529180000001,34.1048373,POINT (-117.7052918 34.1048373),394.5298767089844
,5258514318,-117.7052382,34.104836799999994,POINT (-117.7052382 34.1048368),394.6972961425781
,5258514319,-117.70566540000002,34.103771200000004,POINT (-117.7056654 34.1037712),389.6242980957031
,5258514320,-117.70566540000002,34.103835700000005,POINT (-117.7056654 34.1038357),390.0285339355469
,123568747,-117.70936280000001,34.099661700000006,POINT (-117.7093628 34.0996617),372.0309753417969
,4789174917,-117.7056423,34.1064767,POINT (-117.7056423 34.1064767),399.0397338867188
,123568800,-117.70933670000001,34.10463789999999,POINT (-117.7093367 34.1046379),387.7432861328125
,123568815,-117.70931680000001,34.1037155,POINT (-117.7093168 34.1037155),384.4746704101562
,390038256,-117.711149,34.0975615,POINT (-117.711149 34.0975615),363.7381896972656
,390038259,-117.711203,34.0976092,POINT (-117.711203 34.0976092),363.85546875
,5257162936,-117.70531869999999,34.1043407,POINT (-117.7053187 34.1043407),391.4633483886719
,5257162938,-117.70540430000001,34.104250799999996,POINT (-117.7054043 34.1042508),391.2755432128906
,4646290442,-117.7124697,34.099171000000005,POINT (-117.7124697 34.099171),370.5590209960938
,3835445353,-117.70811609999998,34.102985499999996,POINT (-117.7081161 34.1029855),384.0878295898438
,5366823856,-117.7061867,34.1042006,POINT (-117.7061867 34.1042006),390.7095336914062
,5366823857,-117.70618909999999,34.1045755,POINT (-117.7061891 34.1045755),391.2189025878906
,5366823858,-117.7061835,34.1040196,POINT (-117.7061835 34.1040196),390.6415710449219
,5366823859,-117.7063525,34.104199200000004,POINT (-117.7063525 34.1041992),390.7537536621094
,6062834783,-117.70371019999999,34.1025076,POINT (-117.7037102 34.1025076),386.2944641113281
,4683252832,-117.7030179,34.1068432,POINT (-117.7030179 34.1068432),403.0526428222656
,6062834784,-117.70370420000002,34.1025897,POINT (-117.7037042 34.1025897),386.4229125976562
,5366823861,-117.70626999999999,34.103823299999995,POINT (-117.70627 34.1038233),388.8694763183594
,5259501131,-117.70452179999998,34.1044674,POINT (-117.7045218 34.1044674),392.5628662109375
,5366823862,-117.7064675,34.1029888,POINT (-117.7064675 34.1029888),385.7322387695312
,122807409,-117.71493419999999,34.105385299999995,POINT (-117.7149342 34.1053853),386.0902099609375
,-39822,-117.71309316127,34.1029224094,POINT (-117.71309316127 34.1029224094),379.1402587890625
,-39818,-117.71309986844999,34.10173520829,POINT (-117.71309986845 34.10173520829),375.3295593261719
,-39816,-117.71310120955,34.10156197126,POINT (-117.71310120955 34.10156197126),375.2095947265625
,3701747050,-117.7139139,34.105171999999996,POINT (-117.7139139 34.105172),385.1254272460938
,5366823867,-117.70714009999999,34.1008227,POINT (-117.7071401 34.1008227),378.8375549316406
,-39802,-117.71156430379,34.10169745153,POINT (-117.71156430379 34.10169745153),376.8630065917969
,-39800,-117.71138600156999,34.101679543690004,POINT (-117.71138600157 34.10167954369),376.7049560546875
,-39798,-117.71143542573999,34.10269902081,POINT (-117.71143542574 34.10269902081),379.9573669433594
,-39796,-117.71139532462,34.102562521290004,POINT (-117.71139532462 34.10256252129),379.55615234375
,-39786,-117.71137923136001,34.10172188238,POINT (-117.71137923136 34.10172188238),376.8229064941406
,-39784,-117.71140963766001,34.10153173105,POINT (-117.71140963766 34.10153173105),376.4438781738281
,-39782,-117.71101980639999,34.10157652829,POINT (-117.7110198064 34.10157652829),376.7596130371094
,-39780,-117.71101588539,34.100670837520006,POINT (-117.71101588539 34.10067083752),374.6466979980469
,-39778,-117.711892882,34.100822816029996,POINT (-117.711892882 34.10082281603),374.6038818359375
,-39776,-117.71189151455,34.10096467964,POINT (-117.71189151455 34.10096467964),374.9298095703125
,-39774,-117.71167156982,34.10096440129,POINT (-117.71167156982 34.10096440129),374.6792297363281
,-39768,-117.71237835422,34.100618045290005,POINT (-117.71237835422 34.10061804529),374.4320983886719
,-39766,-117.71238639945,34.100823319309995,POINT (-117.71238639945 34.10082331931),374.3350219726562
,-39764,-117.71199748053999,34.10075574808,POINT (-117.71199748054 34.10075574808),374.657470703125
,-39762,-117.71199747973,34.1008229227,POINT (-117.71199747973 34.1008229227),374.59423828125
,-39760,-117.71186875638,34.10061525038,POINT (-117.71186875638 34.10061525038),374.6800842285156
,-39758,-117.71186885168001,34.100613614690005,POINT (-117.71186885168 34.10061361469),374.6725463867188
,-39756,-117.71185666562,34.1008227791,POINT (-117.71185666562 34.1008227791),374.65966796875
,-39754,-117.71146372095,34.10082237839,POINT (-117.71146372095 34.10082237839),374.6843566894531
,-39752,-117.71145949965,34.10068359661,POINT (-117.71145949965 34.10068359661),374.5398864746094
,-39750,-117.71147322598,34.10069356682,POINT (-117.71147322598 34.10069356682),374.558349609375
,-39746,-117.71104663745001,34.10067134962,POINT (-117.71104663745 34.10067134962),374.5644226074219
,-39744,-117.71104261413001,34.10042148525999,POINT (-117.71104261413 34.10042148526),372.8998718261719
,-39740,-117.71235418995,34.10027322396,POINT (-117.71235418995 34.10027322396),373.0820617675781
,-39738,-117.71235691833999,34.1004455402,POINT (-117.71235691834 34.1004455402),373.6187133789062
,-39736,-117.71204035882,34.10027510915,POINT (-117.71204035882 34.10027510915),373.2286987304688
,-39734,-117.71204307631001,34.10044669351,POINT (-117.71204307631 34.10044669351),373.6751708984375
,-39732,-117.71180035308001,34.10044758547,POINT (-117.71180035308 34.10044758547),373.7173461914062
,5366823881,-117.70663940000001,34.1005779,POINT (-117.7066394 34.1005779),377.4038391113281
,-39730,-117.7116622167,34.10013132099,POINT (-117.7116622167 34.10013132099),373.3433227539062
,-39726,-117.71255811466001,34.10027199899,POINT (-117.71255811466 34.10027199899),372.9292297363281
,-39724,-117.71255672112,34.100444805959995,POINT (-117.71255672112 34.10044480596),373.280517578125
,-39720,-117.71255269781,34.10082348889001,POINT (-117.71255269781 34.10082348889),374.1139526367188
,-39706,-117.71044806151001,34.10157762209,POINT (-117.71044806151 34.10157762209),376.9722595214844
,5366823887,-117.7068993,34.101122700000005,POINT (-117.7068993 34.1011227),380.8034973144531
,-39698,-117.70928742526002,34.1015963972,POINT (-117.70928742526 34.1015963972),377.9905090332031
,-39696,-117.71046504036,34.10087597231,POINT (-117.71046504036 34.10087597231),374.8965454101562
,-39692,-117.71045353296999,34.10087595939,POINT (-117.71045353297 34.10087595939),374.86181640625
,-39686,-117.71033724953001,34.1008123717,POINT (-117.71033724953 34.1008123717),374.5664672851562
,-39684,-117.70972833171001,34.10146091615999,POINT (-117.70972833171 34.10146091616),376.82958984375
,5366823891,-117.7055466,34.1008341,POINT (-117.7055466 34.1008341),379.5472106933594
,-39680,-117.71044714677,34.1016154234,POINT (-117.71044714677 34.1016154234),377.0775756835938
,5366823892,-117.7058584,34.100745,POINT (-117.7058584 34.100745),377.8757019042969
,-39674,-117.71052645706001,34.10066268727,POINT (-117.71052645706 34.10066268727),374.6470642089844
,-39672,-117.71055042878,34.100663576070005,POINT (-117.71055042878 34.10066357607),374.7645263671875
,5366823893,-117.70586000000002,34.1006295,POINT (-117.70586 34.1006295),377.6494750976562
,-39660,-117.71033719316002,34.10081904688,POINT (-117.71033719316 34.10081904688),374.6257934570312
,-39654,-117.71013200416999,34.10070910684,POINT (-117.71013200417 34.10070910684),374.9027709960938
,-39652,-117.71013066306999,34.10088345612,POINT (-117.71013066307 34.10088345612),375.3000183105469
,-39650,-117.70975917712,34.10088678764001,POINT (-117.70975917712 34.10088678764),375.5336608886719
,-39640,-117.70933620237,34.10065134061,POINT (-117.70933620237 34.10065134061),374.4359436035156
,-39638,-117.70974156976001,34.10055587625,POINT (-117.70974156976 34.10055587625),374.2668151855469
,-39636,-117.70973235686,34.099734307969996,POINT (-117.70973235686 34.09973430797),371.8626098632812
,-39634,-117.71130417,34.10009742639001,POINT (-117.71130417 34.10009742639),372.7243041992188
,-39632,-117.71128938237,34.09973529012,POINT (-117.71128938237 34.09973529012),370.6792602539062
,-39630,-117.71119816276001,34.10009596244,POINT (-117.71119816276 34.10009596244),372.7355346679688
,-39628,-117.71119550306999,34.0997352309,POINT (-117.71119550307 34.0997352309),370.463134765625
,-39626,-117.71222948879,34.09980900376,POINT (-117.71222948879 34.09980900376),372.027099609375
,-39624,-117.71222681388001,34.09973588143,POINT (-117.71222681388 34.09973588143),371.3688659667969
,-39622,-117.70719900861,34.099546398920005,POINT (-117.70719900861 34.09954639892),373.74609375
,-39620,-117.712566107,34.09973609545,POINT (-117.712566107 34.09973609545),371.1554565429688
,-39616,-117.71297246129,34.09958733422,POINT (-117.71297246129 34.09958733422),370.8885498046875
,-39614,-117.71263806888001,34.09950864333,POINT (-117.71263806888 34.09950864333),370.8739013671875
,-39612,-117.7127283825,34.09950530962,POINT (-117.7127283825 34.09950530962),371.0370483398438
,-39610,-117.71272972228,34.099586945809996,POINT (-117.71272972228 34.09958694581),370.952880859375
,-39608,-117.71273642818998,34.09973620289,POINT (-117.71273642819 34.09973620289),371.4058227539062
,-39606,-117.70936303313,34.09973407501,POINT (-117.70936303313 34.09973407501),372.217041015625
,-39604,-117.71374092985,34.100579921750004,POINT (-117.71374092985 34.10057992175),371.753173828125
,-39602,-117.71391927421999,34.10057903526,POINT (-117.71391927422 34.10057903526),371.2047119140625
,-39600,-117.71399973345,34.10016908302,POINT (-117.71399973345 34.10016908302),370.4546813964844
,-39598,-117.71400111084999,34.100578628470004,POINT (-117.71400111085 34.10057862847),371.2388305664062
,-39596,-117.71438597786998,34.10057671541,POINT (-117.71438597787 34.10057671541),370.9364318847656
,-39594,-117.71462874928999,34.10057550866,POINT (-117.71462874929 34.10057550866),370.8816223144531
,-39592,-117.71478429571,34.10057473549,POINT (-117.71478429571 34.10057473549),370.8030700683594
,-39588,-117.71480893312,34.09918546675,POINT (-117.71480893312 34.09918546675),367.2798767089844
,-39586,-117.71402746873001,34.09896892039,POINT (-117.71402746873 34.09896892039),368.7847290039062
,5257160033,-117.7112716,34.1062162,POINT (-117.7112716 34.1062162),391.2779846191406
,5257160035,-117.7111047,34.1062136,POINT (-117.7111047 34.1062136),391.4421691894531
,5257160037,-117.71094640000001,34.1062111,POINT (-117.7109464 34.1062111),391.4439697265625
,-39578,-117.71401047841002,34.09896892582,POINT (-117.71401047841 34.09896892582),368.86328125
,-39576,-117.71384161371,34.09897114635,POINT (-117.71384161371 34.09897114635),368.7967529296875
,-39574,-117.71318778097,34.09905777072,POINT (-117.71318778097 34.09905777072),370.6954345703125
,5257160042,-117.71058300000001,34.10620479999999,POINT (-117.710583 34.1062048),392.2337951660156
,5257160044,-117.7103443,34.1062003,POINT (-117.7103443 34.1062003),392.6286010742188
,-39570,-117.71384136421999,34.09893451257,POINT (-117.71384136422 34.09893451257),368.6565246582031
,5257160047,-117.7085922,34.1055576,POINT (-117.7085922 34.1055576),391.9895935058594
,-39568,-117.71318764251001,34.09893894213,POINT (-117.71318764251 34.09893894213),369.7724914550781
,5257160043,-117.7105736,34.1067217,POINT (-117.7105736 34.1067217),394.2377319335938
,-39566,-117.71117759842,34.09882790274,POINT (-117.71117759842 34.09882790274),369.5818481445312
,5257160046,-117.7079293,34.105548799999994,POINT (-117.7079293 34.1055488),393.1513061523438
,-39564,-117.71123077241,34.09882895052,POINT (-117.71123077241 34.09882895052),369.6602783203125
,5257160045,-117.7103362,34.1067206,POINT (-117.7103362 34.1067206),394.3904724121094
,-39562,-117.71128964946999,34.09886009299,POINT (-117.71128964947 34.09886009299),370.1640930175781
,5257160048,-117.70924640000001,34.1055633,POINT (-117.7092464 34.1055633),391.462158203125
,-39560,-117.71123026503,34.09886450878,POINT (-117.71123026503 34.09886450878),369.66748046875
,5257160049,-117.71149950000002,34.1059302,POINT (-117.7114995 34.1059302),390.4738159179688
,-39558,-117.71128140053999,34.0986574005,POINT (-117.71128140054 34.0986574005),369.6683959960938
,5257160050,-117.7115156,34.105610999999996,POINT (-117.7115156 34.105611),389.0553283691406
,-39556,-117.71256001258999,34.09864298196,POINT (-117.71256001259 34.09864298196),368.7597045898438
,-39554,-117.71237298913,34.098644094920004,POINT (-117.71237298913 34.09864409492),369.6519470214844
,-39552,-117.71237700738999,34.09888696172,POINT (-117.71237700739 34.09888696172),369.9906005859375
,-39550,-117.71217976831001,34.098888974050006,POINT (-117.71217976831 34.09888897405),369.9413757324219
,-39548,-117.71256141882,34.09888508027,POINT (-117.71256141882 34.09888508027),369.6409301757812
,-39546,-117.71160320946001,34.09774106598,POINT (-117.71160320946 34.09774106598),364.5306701660156
,5257160067,-117.71135459999998,34.106355,POINT (-117.7113546 34.106355),391.1878662109375
,-39544,-117.71161252696999,34.09842394132,POINT (-117.71161252697 34.09842394132),367.0589904785156
,-39542,-117.71255903546002,34.098474756470004,POINT (-117.71255903546 34.09847475647),368.2447204589844
,5257160080,-117.7116403,34.1066992,POINT (-117.7116403 34.1066992),392.7739868164062
,-39528,-117.71247222638,34.09773566154,POINT (-117.71247222638 34.09773566154),365.376953125
,-39526,-117.71255473948999,34.09773514839,POINT (-117.71255473949 34.09773514839),365.7371520996094
,-39522,-117.71281018987,34.09780952563,POINT (-117.71281018987 34.09780952563),366.8833618164062
,-39520,-117.71262772486999,34.09799058184,POINT (-117.71262772487 34.09799058184),367.5880432128906
,-39518,-117.71450400998,34.09842039455,POINT (-117.71450400998 34.09842039455),366.3373718261719
,5257160094,-117.71167120000001,34.1062407,POINT (-117.7116712 34.1062407),390.3512268066406
,5257160097,-117.71291740000001,34.1063765,POINT (-117.7129174 34.1063765),390.2973327636719
,5257160098,-117.7129281,34.10583270000001,POINT (-117.7129281 34.1058327),388.4675598144531
,-39510,-117.71470248833,34.098208210050004,POINT (-117.71470248833 34.09820821005),365.974609375
,5257160100,-117.71292140000001,34.106111799999994,POINT (-117.7129214 34.1061118),390.355224609375
,-39508,-117.71480122145,34.09821264879,POINT (-117.71480122145 34.09821264879),365.9208679199219
,5257160101,-117.7131031,34.1061107,POINT (-117.7131031 34.1061107),389.09130859375
,-39506,-117.71072209015,34.09605373705,POINT (-117.71072209015 34.09605373705),360.1953125
,-39500,-117.71094158058997,34.09626349351,POINT (-117.71094158059 34.09626349351),361.1997985839844
,-39498,-117.71076799373999,34.09590603281,POINT (-117.71076799374 34.09590603281),359.6001892089844
,-39490,-117.71096462765,34.09628585936,POINT (-117.71096462765 34.09628585936),361.3045043945312
,-39460,-117.71344673984,34.095998129259996,POINT (-117.71344673984 34.09599812926),358.4012756347656
,-39452,-117.71344991767,34.0962059266,POINT (-117.71344991767 34.0962059266),359.4353332519531
,5368522215,-117.7091816,34.10556270000001,POINT (-117.7091816 34.1055627),392.5572204589844
,5368522214,-117.70917630000001,34.1059485,POINT (-117.7091763 34.1059485),392.9605102539062
,5368522216,-117.70562520000001,34.1050402,POINT (-117.7056252 34.1050402),395.0296936035156
,-39444,-117.71327758518999,34.09611198939,POINT (-117.71327758519 34.09611198939),360.2806396484375
,-39442,-117.71433398288,34.09592629511,POINT (-117.71433398288 34.09592629511),358.8948669433594
,-39436,-117.71268618918,34.09524302544,POINT (-117.71268618918 34.09524302544),357.2748107910156
,-39430,-117.71148131641,34.096542377990005,POINT (-117.71148131641 34.09654237799),361.4818115234375
,-39428,-117.71174736757,34.09654238516,POINT (-117.71174736757 34.09654238516),362.0931396484375
,-39426,-117.71359608463001,34.096466196470004,POINT (-117.71359608463 34.09646619647),362.346923828125
,-39418,-117.71315302937,34.096457661020004,POINT (-117.71315302937 34.09645766102),361.7120971679688
,-39416,-117.71387634771001,34.096435733759996,POINT (-117.71387634771 34.09643573376),362.2013854980469
,-39414,-117.71387776318998,34.0965590254,POINT (-117.71387776319 34.0965590254),361.6720886230469
,-39412,-117.7141419338,34.09651716749,POINT (-117.7141419338 34.09651716749),361.4710998535156
,5258511885,-117.70934220000001,34.1040158,POINT (-117.7093422 34.1040158),386.3665161132812
,-39410,-117.71414192007,34.09655680925,POINT (-117.71414192007 34.09655680925),361.3591613769531
,-39408,-117.71399843661999,34.09655801301,POINT (-117.71399843662 34.09655801301),361.5497131347656
,5258511888,-117.70838059999998,34.1040724,POINT (-117.7083806 34.1040724),387.085693359375
,-39404,-117.71433500622,34.096519063440006,POINT (-117.71433500622 34.09651906344),361.192626953125
,5258511891,-117.709056,34.1043789,POINT (-117.709056 34.1043789),387.6350708007812
,-39402,-117.71433499213,34.09655518947,POINT (-117.71433499213 34.09655518947),361.0031127929688
,5258511889,-117.70838,34.1041158,POINT (-117.70838 34.1041158),387.1847534179688
,-39396,-117.71419018641001,34.09611926049,POINT (-117.71419018641 34.09611926049),359.5885314941406
,-39384,-117.71321739392,34.09576497928,POINT (-117.71321739392 34.09576497928),358.9108276367188
,-39382,-117.71114033973,34.09761338178,POINT (-117.71114033973 34.09761338178),364.0752868652344
,-39378,-117.71103054418998,34.09677338156,POINT (-117.71103054419 34.09677338156),361.96533203125
,-39366,-117.71105468406999,34.09653683242,POINT (-117.71105468407 34.09653683242),361.160888671875
,-39356,-117.71114048468,34.0948283297,POINT (-117.71114048468 34.0948283297),356.162841796875
,-39354,-117.71133364389,34.09762448833,POINT (-117.71133364389 34.09762448833),363.8660888671875
,-39346,-117.71120220556999,34.09676005486,POINT (-117.71120220557 34.09676005486),361.8822631835938
,-39336,-117.71264255181002,34.09671896421,POINT (-117.71264255181 34.09671896421),362.8940734863281
,-39334,-117.71264122331999,34.09762390826,POINT (-117.71264122332 34.09762390826),365.343017578125
,-39332,-117.71187804918999,34.09565484920999,POINT (-117.71187804919 34.09565484921),360.0723266601562
,-39318,-117.71223754428999,34.09645625587,POINT (-117.71223754429 34.09645625587),362.9705200195312
,-39316,-117.71223961943998,34.09649426396,POINT (-117.71223961944 34.09649426396),362.8206481933594
,-39314,-117.71258756584999,34.09644576582,POINT (-117.71258756585 34.09644576582),363.1592712402344
,-39312,-117.71259292606001,34.09656980456,POINT (-117.71259292606 34.09656980456),362.5788269042969
,-39310,-117.71314515726002,34.09649847939,POINT (-117.71314515726 34.09649847939),361.8795166015625
,-39300,-117.71204778226999,34.09657437805,POINT (-117.71204778227 34.09657437805),362.4693908691406
,-39290,-117.71178022094,34.09645353975,POINT (-117.71178022094 34.09645353975),362.3772277832031
,-39286,-117.71174737173,34.09657689835,POINT (-117.71174737173 34.09657689835),361.96630859375
,-39284,-117.7113973356,34.0964093,POINT (-117.7113973356 34.0964093),362.2826538085938
,-39278,-117.71148116263001,34.096579131709994,POINT (-117.71148116263 34.09657913171),361.3974609375
,-39276,-117.71314005478999,34.09656521441,POINT (-117.71314005479 34.09656521441),362.0782165527344
,-39274,-117.71480234898,34.09655126857,POINT (-117.71480234898 34.09655126857),360.4440002441406
,-39260,-117.71115258469999,34.09566059534001,POINT (-117.7111525847 34.09566059534),358.7487182617188
,-39256,-117.71190768845,34.0956545289,POINT (-117.71190768845 34.0956545289),360.0425109863281
,-39232,-117.71204715706999,34.09565302167,POINT (-117.71204715707 34.09565302167),359.8292846679688
,-39230,-117.71374492279,34.095147487969996,POINT (-117.71374492279 34.09514748797),356.3887634277344
,-39226,-117.7136510624,34.09564879999999,POINT (-117.7136510624 34.0956488),358.2780151367188
,-39224,-117.71305024656999,34.09553554647,POINT (-117.71305024657 34.09553554647),358.2766418457031
,-39222,-117.71305160760001,34.09564930318,POINT (-117.7130516076 34.09564930318),358.7486267089844
,-39220,-117.71339623071,34.09539959389,POINT (-117.71339623071 34.09539959389),358.5982055664062
,-39218,-117.71340027586001,34.09564879999999,POINT (-117.71340027586 34.0956488),358.470703125
,-39216,-117.71266199948,34.095650957640004,POINT (-117.71266199948 34.09565095764),358.9783935546875
,-39212,-117.71282292475,34.09538861477,POINT (-117.71282292475 34.09538861477),357.746337890625
,-39208,-117.71268556741998,34.0951114168,POINT (-117.71268556742 34.0951114168),357.0448913574219
,-39206,-117.706914255,34.094904747600005,POINT (-117.706914255 34.0949047476),359.6163940429688
,-39202,-117.70961113530001,34.0949204128,POINT (-117.7096111353 34.0949204128),356.9056091308594
,-39200,-117.7095759111,34.09463083519,POINT (-117.7095759111 34.09463083519),357.378173828125
,-39198,-117.71268415363998,34.09481215875,POINT (-117.71268415364 34.09481215875),355.4627685546875
,-39194,-117.71480441105,34.095649519709994,POINT (-117.71480441105 34.09564951971),357.5169067382812
,-39190,-117.71104541618999,34.09483275811,POINT (-117.71104541619 34.09483275811),356.2780151367188
,-39188,-117.71130005814,34.09482371476,POINT (-117.71130005814 34.09482371476),356.186279296875
,-39182,-117.71101176873002,34.09483432545,POINT (-117.71101176873 34.09483432545),356.1653137207031
,-39180,-117.71122634545,34.0948243302,POINT (-117.71122634545 34.0948243302),356.1986999511719
,-39178,-117.71481782331999,34.094794344440004,POINT (-117.71481782332 34.09479434444),354.9460754394531
,-39150,-117.71104395523999,34.09452002981,POINT (-117.71104395524 34.09452002981),355.7610168457031
,-39146,-117.71129876508999,34.09454557331,POINT (-117.71129876509 34.09454557331),355.5381774902344
,-39126,-117.71481782331999,34.09446116866,POINT (-117.71481782332 34.09446116866),353.8748779296875
,-39124,-117.71300068923,34.096722125599996,POINT (-117.71300068923 34.0967221256),362.8136596679688
,-39116,-117.71333028173001,34.09689831576,POINT (-117.71333028173 34.09689831576),363.7706909179688
,-39108,-117.71368322735,34.097060461590004,POINT (-117.71368322735 34.09706046159),364.3699951171875
,-39106,-117.71367184785,34.096643773320004,POINT (-117.71367184785 34.09664377332),361.94140625
,-39100,-117.71382339678001,34.09745497478,POINT (-117.71382339678 34.09745497478),365.8783264160156
,-39094,-117.71368257767999,34.097371414259996,POINT (-117.71368257768 34.09737141426),365.321044921875
,-39092,-117.71300676331002,34.09731503916,POINT (-117.71300676331 34.09731503916),365.2938232421875
,-39088,-117.71318167482,34.097377521999995,POINT (-117.71318167482 34.097377522),365.3256225585938
,-39086,-117.71256310243,34.09917493316,POINT (-117.71256310243 34.09917493316),370.3614196777344
,-39084,-117.71263580101002,34.09917491273,POINT (-117.71263580101 34.09917491273),370.2989501953125
,-39080,-117.71291567476999,34.09916103767,POINT (-117.71291567477 34.09916103767),370.8978881835938
,-39078,-117.71345478338002,34.09916161791,POINT (-117.71345478338 34.09916161791),370.6509399414062
,-39074,-117.7137221223,34.09912045126,POINT (-117.7137221223 34.09912045126),370.3096008300781
,-39072,-117.71397123263,34.09918381809,POINT (-117.71397123263 34.09918381809),369.0826416015625
,-39070,-117.71400645441999,34.09918214656,POINT (-117.71400645442 34.09918214656),369.0497131347656
,2932287336,-117.7030636,34.099666799999994,POINT (-117.7030636 34.0996668),376.8938598632812
,-39068,-117.71402187712,34.09958582187,POINT (-117.71402187712 34.09958582187),368.8312377929688
,-39066,-117.7137623734,34.09958859817,POINT (-117.7137623734 34.09958859817),369.7601928710938
,-39064,-117.71104723853998,34.10028598408,POINT (-117.71104723854 34.10028598408),372.8352966308594
,2932287337,-117.70312,34.0996093,POINT (-117.70312 34.0996093),376.399169921875
,-39054,-117.71155759758999,34.10027989457,POINT (-117.71155759759 34.10027989457),372.7545776367188
,-39052,-117.7115602798,34.10013108586,POINT (-117.7115602798 34.10013108586),372.6972961425781
,-39048,-117.71179832585,34.100276563040005,POINT (-117.71179832585 34.10027656304),373.3983764648438
,-39046,-117.71256203042,34.100273785629994,POINT (-117.71256203042 34.10027378563),372.9145202636719
,-39044,-117.71349851115,34.10049183418,POINT (-117.71349851115 34.10049183418),372.3858947753906
,-39042,-117.71438396093001,34.10051046024,POINT (-117.71438396093 34.10051046024),370.771484375
,-39034,-117.71478228338002,34.100470902379996,POINT (-117.71478228338 34.10047090238),370.1967468261719
,-39026,-117.71374225449,34.10049166605,POINT (-117.71374225449 34.10049166605),372.3427124023438
,-39022,-117.71349985186,34.10058112008,POINT (-117.71349985186 34.10058112008),372.1771850585938
,-39018,-117.71338284083001,34.100559187820004,POINT (-117.71338284083 34.10055918782),372.3487548828125
,-39016,-117.71338015966002,34.10017178325,POINT (-117.71338015966 34.10017178325),372.4764709472656
,-39014,-117.7139219645,34.099940632270005,POINT (-117.7139219645 34.09994063227),370.6091613769531
,-39012,-117.71392196642,34.10016942195,POINT (-117.71392196642 34.10016942195),370.2373962402344
,-39008,-117.71376639671999,34.09973685257,POINT (-117.71376639672 34.09973685257),370.1516723632812
,-39006,-117.71391525931999,34.099739073609996,POINT (-117.71391525932 34.09973907361),369.7607727050781
,-39000,-117.71370201935,34.10017038052,POINT (-117.71370201935 34.10017038052),369.9447326660156
,-38996,-117.71481782331999,34.099738518909994,POINT (-117.71481782332 34.09973851891),367.8575439453125
,-38994,-117.71482184663,34.100251577070004,POINT (-117.71482184663 34.10025157707),369.5379943847656
,-38978,-117.71274785417,34.10005002072,POINT (-117.71274785417 34.10005002072),372.9530029296875
,5326481400,-117.704067,34.104522499999995,POINT (-117.704067 34.1045225),394.5204467773438
,5326481402,-117.7041515,34.104220399999996,POINT (-117.7041515 34.1042204),394.5585327148438
,5326481403,-117.70441940000002,34.1042215,POINT (-117.7044194 34.1042215),391.5781555175781
,5326481405,-117.7044571,34.104828000000005,POINT (-117.7044571 34.104828),393.6136169433594
,5326481406,-117.7037784,34.1045833,POINT (-117.7037784 34.1045833),394.6725769042969
,5326481407,-117.70372900000001,34.1048156,POINT (-117.703729 34.1048156),398.5892333984375
,5326481411,-117.70375849999999,34.1049333,POINT (-117.7037585 34.1049333),398.6309204101562
,5259487244,-117.7105098,34.103815600000004,POINT (-117.7105098 34.1038156),383.7014465332031
,5259487245,-117.7105138,34.103310799999996,POINT (-117.7105138 34.1033108),382.9486999511719
,5259487246,-117.71066100000002,34.1038866,POINT (-117.710661 34.1038866),384.9035949707031
,5259487247,-117.70615459999999,34.1033975,POINT (-117.7061546 34.1033975),388.741943359375
,5259487249,-117.7057943,34.1033941,POINT (-117.7057943 34.1033941),388.3785400390625
,5259487258,-117.7058622,34.1033948,POINT (-117.7058622 34.1033948),388.4949340820312
,5259487259,-117.70524679999998,34.10304179999999,POINT (-117.7052468 34.1030418),387.9042663574219
,5259487260,-117.70509640000002,34.1029912,POINT (-117.7050964 34.1029912),386.6788635253906
,5259487261,-117.70508970000002,34.102624,POINT (-117.7050897 34.102624),386.22802734375
,5259487262,-117.7045057,34.102990500000004,POINT (-117.7045057 34.1029905),387.65380859375
,5259487263,-117.7071383,34.10151,POINT (-117.7071383 34.10151),379.5246276855469
,5368525546,-117.70653700000001,34.104889799999995,POINT (-117.706537 34.1048898),391.5245056152344
,5259487279,-117.70630590000002,34.1019143,POINT (-117.7063059 34.1019143),381.32421875
,5259487278,-117.70610020000001,34.102057099999996,POINT (-117.7061002 34.1020571),384.1483154296875
,3832064071,-117.71343,34.0958076,POINT (-117.71343 34.0958076),359.1000061035156
,3835275347,-117.7129225,34.0951125,POINT (-117.7129225 34.0951125),357.641845703125
,5368525556,-117.70588740000001,34.1049763,POINT (-117.7058874 34.1049763),393.979736328125
,5258487943,-117.7071686,34.1020488,POINT (-117.7071686 34.1020488),382.6291198730469
,5258487941,-117.7076084,34.102123999999996,POINT (-117.7076084 34.102124),382.1806945800781
,5258487942,-117.7076098,34.1020276,POINT (-117.7076098 34.1020276),381.8309326171875
,5258487944,-117.7071375,34.1017789,POINT (-117.7071375 34.1017789),382.0670776367188
,5258487946,-117.70726509999999,34.1018568,POINT (-117.7072651 34.1018568),382.1393737792969
,5258487947,-117.708051,34.101584700000004,POINT (-117.708051 34.1015847),379.6979064941406
,5258487953,-117.70808190000001,34.1008463,POINT (-117.7080819 34.1008463),378.8518371582031
,5258487954,-117.7085754,34.1008463,POINT (-117.7085754 34.1008463),376.7481994628906
,5258487959,-117.7086585,34.101176099999996,POINT (-117.7086585 34.1011761),377.9428100585938
,5258487964,-117.7085754,34.10142929999999,POINT (-117.7085754 34.1014293),378.7266235351562
,390044659,-117.70433929999999,34.1067664,POINT (-117.7043393 34.1067664),402.2611999511719
,390044660,-117.7043447,34.1052159,POINT (-117.7043447 34.1052159),397.2091674804688
,390044661,-117.70550490000001,34.1052296,POINT (-117.7055049 34.1052296),395.9308471679688
,390044662,-117.7055075,34.10510479999999,POINT (-117.7055075 34.1051048),395.2950439453125
,3572361416,-117.70604159999999,34.1068822,POINT (-117.7060416 34.1068822),399.9075927734375
,3572361417,-117.7071358,34.1068921,POINT (-117.7071358 34.1068921),398.4364929199219
,3572361418,-117.7093064,34.1069074,POINT (-117.7093064 34.1069074),395.9784545898438
,3572361422,-117.71232549999999,34.1069633,POINT (-117.7123255 34.1069633),392.7124938964844
traffic_signals,3572361423,-117.71318079999999,34.1069714,POINT (-117.7131808 34.1069714),392.1659240722656
,3572361427,-117.71427,34.1069858,POINT (-117.71427 34.1069858),391.6028747558594
stop,123586950,-117.71147990000001,34.10262279999999,POINT (-117.7114799 34.1026228),379.7656860351562
,-58117,-117.71124914347999,34.099735264740005,POINT (-117.71124914348 34.09973526474),370.5318908691406
,123283955,-117.7071337,34.1070672,POINT (-117.7071337 34.1070672),398.9010009765625
,5035084309,-117.7071615,34.105153200000004,POINT (-117.7071615 34.1051532),392.3265991210938
,5257160034,-117.71127759999999,34.105965399999995,POINT (-117.7112776 34.1059654),391.3357849121094
,4617136668,-117.7095578,34.098470299999995,POINT (-117.7095578 34.0984703),368.3584594726562
,5257160036,-117.71111,34.10596279999999,POINT (-117.71111 34.1059628),391.472412109375
,5257160038,-117.71094699999999,34.1059608,POINT (-117.710947 34.1059608),391.4408874511719
,1337903715,-117.71232590000001,34.106758899999996,POINT (-117.7123259 34.1067589),391.3461608886719
,1337903727,-117.7124106,34.106757200000004,POINT (-117.7124106 34.1067572),391.5044860839844
,5257160054,-117.71137479999999,34.1054911,POINT (-117.7113748 34.1054911),388.4587707519531
,3835325052,-117.7030719,34.101143,POINT (-117.7030719 34.101143),381.8339538574219
,5257160058,-117.71167779999999,34.105507700000004,POINT (-117.7116778 34.1055077),388.0253295898438
,5257160060,-117.7130498,34.1063783,POINT (-117.7130498 34.1063783),390.1700439453125
,5257160063,-117.7131061,34.105834200000004,POINT (-117.7131061 34.1058342),388.0446472167969
,122620587,-117.71492140000001,34.0976219,POINT (-117.7149214 34.0976219),363.7891845703125
,122620588,-117.7125923,34.097621200000006,POINT (-117.7125923 34.0976212),365.3086547851562
,4602674428,-117.70548500000001,34.104674700000004,POINT (-117.705485 34.1046747),392.8820495605469
,5257160073,-117.7113922,34.1066193,POINT (-117.7113922 34.1066193),392.8806762695312
,3833596638,-117.71390520000001,34.099118299999994,POINT (-117.7139052 34.0991183),369.1947326660156
,4602674432,-117.7055634,34.1049424,POINT (-117.7055634 34.1049424),394.3660278320312
,4602674435,-117.705666,34.1051383,POINT (-117.705666 34.1051383),395.3863220214844
,5257160084,-117.7115156,34.1065949,POINT (-117.7115156 34.1065949),392.8193359375
,5707795268,-117.7105855,34.106083899999994,POINT (-117.7105855 34.1060839),391.8269958496094
,5707795269,-117.7109466,34.106139399999996,POINT (-117.7109466 34.1061394),391.3817443847656
,5707795270,-117.71110619999999,34.1061405,POINT (-117.7111062 34.1061405),391.4288024902344
,5707795271,-117.71127340000001,34.1061416,POINT (-117.7112734 34.1061416),391.2223815917969
,5707795272,-117.713187,34.0984191,POINT (-117.713187 34.0984191),367.5157470703125
,390040404,-117.71244009999998,34.1053941,POINT (-117.7124401 34.1053941),387.0077209472656
,390040406,-117.70859640000002,34.1053325,POINT (-117.7085964 34.1053325),390.5079956054688
,4829437157,-117.70579340000002,34.1062495,POINT (-117.7057934 34.1062495),397.6217651367188
,4829437159,-117.70578359999999,34.106672499999995,POINT (-117.7057836 34.1066725),399.46826171875
,122989494,-117.711504,34.1043973,POINT (-117.711504 34.1043973),385.0237121582031
,5258514839,-117.7061696,34.1037732,POINT (-117.7061696 34.1037732),388.6230163574219
,5258514840,-117.7061784,34.1033976,POINT (-117.7061784 34.1033976),388.7356872558594
,5258514841,-117.706625,34.1033999,POINT (-117.706625 34.1033999),385.7159118652344
,5258514842,-117.7064875,34.103399200000005,POINT (-117.7064875 34.1033992),387.8403015136719
,5258514843,-117.7065445,34.1037747,POINT (-117.7065445 34.1037747),387.7152099609375
,5258514844,-117.706627,34.103775,POINT (-117.706627 34.103775),387.5877380371094
,2932296928,-117.71146159999999,34.1043883,POINT (-117.7114616 34.1043883),385.0775756835938
,122612973,-117.7149301,34.1033693,POINT (-117.7149301 34.1033693),379.5146179199219
stop,122612978,-117.7115009,34.103371700000004,POINT (-117.7115009 34.1033717),382.0210571289062
,5366823842,-117.70637749999999,34.1058236,POINT (-117.7063775 34.1058236),395.1780700683594
,1594215682,-117.7125544,34.09767670000001,POINT (-117.7125544 34.0976767),365.4121398925781
,1594215683,-117.71262560000001,34.09767670000001,POINT (-117.7126256 34.0976767),365.5110778808594
,1594215686,-117.71263859999999,34.0995868,POINT (-117.7126386 34.0995868),371.0065002441406
,1594215687,-117.7125655,34.0995877,POINT (-117.7125655 34.0995877),371.0093994140625
,5366823843,-117.70617069999999,34.1056787,POINT (-117.7061707 34.1056787),395.7654724121094
,2932296986,-117.71145630000001,34.1034576,POINT (-117.7114563 34.1034576),382.3237915039062
,3701747043,-117.7139111,34.1044011,POINT (-117.7139111 34.1044011),383.1044006347656
,3701747045,-117.7139119,34.104619899999996,POINT (-117.7139119 34.1046199),384.0518188476562
,3701747052,-117.71391470000002,34.1053921,POINT (-117.7139147 34.1053921),386.2293090820312
,5258514892,-117.7061415,34.10309779999999,POINT (-117.7061415 34.1030978),387.3564758300781
,5258514894,-117.7061247,34.103146100000004,POINT (-117.7061247 34.1031461),387.4807739257812
,5258514906,-117.7048735,34.1035625,POINT (-117.7048735 34.1035625),390.0774230957031
,5258514911,-117.7045047,34.103715799999996,POINT (-117.7045047 34.1037158),390.1361694335938
,2932294655,-117.7070716,34.1051249,POINT (-117.7070716 34.1051249),392.3779296875
,2932294656,-117.70311470000001,34.10675139999999,POINT (-117.7031147 34.1067514),402.962890625
,2932294658,-117.70443049999999,34.1026744,POINT (-117.7044305 34.1026744),386.7732849121094
,2932294659,-117.7048088,34.1026742,POINT (-117.7048088 34.1026742),386.4712219238281
,123211391,-117.71318909999998,34.1061861,POINT (-117.7131891 34.1061861),389.1028137207031
,123211393,-117.71427460000001,34.1061865,POINT (-117.7142746 34.1061865),389.1556701660156
,123211395,-117.714277,34.1053912,POINT (-117.714277 34.1053912),386.2556762695312
,1337904796,-117.7108741,34.1054489,POINT (-117.7108741 34.1054489),389.2302856445312
,1337904804,-117.7100281,34.1054408,POINT (-117.7100281 34.1054408),390.0668640136719
,5257252600,-117.70803190000001,34.1025617,POINT (-117.7080319 34.1025617),382.8370056152344
,5257252603,-117.7080412,34.102155200000006,POINT (-117.7080412 34.1021552),381.5468444824219
,5257252602,-117.70857360000001,34.1015189,POINT (-117.7085736 34.1015189),378.8688354492188
,5257252605,-117.7084825,34.102023100000004,POINT (-117.7084825 34.1020231),380.6162109375
,5257252607,-117.7080446,34.102008700000006,POINT (-117.7080446 34.1020087),381.2786254882812
,5257252608,-117.7084847,34.1021375,POINT (-117.7084847 34.1021375),381.1230773925781
,5257252609,-117.7088767,34.1021397,POINT (-117.7088767 34.1021397),380.8778991699219
,5257252613,-117.70887809999999,34.1020942,POINT (-117.7088781 34.1020942),380.5414428710938
,5257252615,-117.70886200000001,34.102042,POINT (-117.708862 34.102042),380.3154602050781
,5257252612,-117.709149,34.1020964,POINT (-117.709149 34.1020964),380.1058349609375
,5257252611,-117.709149,34.1020431,POINT (-117.709149 34.1020431),379.9346618652344
,1634823949,-117.70715600000001,34.1059136,POINT (-117.707156 34.1059136),394.8765869140625
,5257252617,-117.7092268,34.1020964,POINT (-117.7092268 34.1020964),379.9891052246094
,1634823951,-117.71143000000001,34.10621870000001,POINT (-117.71143 34.1062187),390.5096740722656
,1634823953,-117.70715179999999,34.10615,POINT (-117.7071518 34.10615),395.8115844726562
,5257252620,-117.70955,34.1020975,POINT (-117.70955 34.1020975),379.701416015625
,1634823989,-117.7114303,34.1059668,POINT (-117.7114303 34.1059668),390.4262390136719
,5258514274,-117.70359270000002,34.1058095,POINT (-117.7035927 34.1058095),399.7566833496094
,5258514295,-117.7031166,34.1053609,POINT (-117.7031166 34.1053609),397.2132263183594
,5258514296,-117.7033379,34.1053576,POINT (-117.7033379 34.1053576),396.9630737304688
,5258514297,-117.70443870000001,34.1049434,POINT (-117.7044387 34.1049434),394.1447143554688
,5258514298,-117.7053115,34.1044688,POINT (-117.7053115 34.1044688),391.6867065429688
,5258514305,-117.7053154,34.1048157,POINT (-117.7053154 34.1048157),394.4956970214844
,5258514308,-117.70534620000001,34.1048435,POINT (-117.7053462 34.1048435),394.5447082519531
,5258514310,-117.70531940000001,34.1048651,POINT (-117.7053194 34.1048651),394.58154296875
,5258514311,-117.70531940000001,34.1049426,POINT (-117.7053194 34.1049426),394.7467346191406
,5258514312,-117.70547990000001,34.104844,POINT (-117.7054799 34.104844),393.80712890625
,4803161994,-117.7071558,34.105833200000006,POINT (-117.7071558 34.1058332),394.6470642089844
,4803161995,-117.70589469999999,34.1058177,POINT (-117.7058947 34.1058177),396.1506652832031
,4803161997,-117.70667659999998,34.106086700000006,POINT (-117.7066766 34.1060867),395.7151184082031
,4803162006,-117.7069553,34.1061018,POINT (-117.7069553 34.1061018),395.6699523925781
,4803162007,-117.7071537,34.106100399999995,POINT (-117.7071537 34.1061004),395.7214660644531
,4803162010,-117.7055376,34.105752,POINT (-117.7055376 34.105752),397.0132141113281
,4803162011,-117.70701580000001,34.1055416,POINT (-117.7070158 34.1055416),394.2055969238281
,4803162012,-117.70653529999998,34.1055396,POINT (-117.7065353 34.1055396),394.2069396972656
,4803162013,-117.7063801,34.105539,POINT (-117.7063801 34.105539),394.6729736328125
,4803162014,-117.7063847,34.1051402,POINT (-117.7063847 34.1051402),393.72998046875
,4803162015,-117.7058432,34.105331899999996,POINT (-117.7058432 34.1053319),396.380859375
,4803162016,-117.705844,34.1051388,POINT (-117.705844 34.1051388),394.9810485839844
,5365357404,-117.7045499,34.1047396,POINT (-117.7045499 34.1047396),393.5004272460938
,1337872379,-117.7071393,34.106690500000006,POINT (-117.7071393 34.1066905),397.7996215820312
,660557847,-117.70443119999999,34.102601,POINT (-117.7044312 34.102601),386.6998291015625
,5368754213,-117.70488119999999,34.1048265,POINT (-117.7048812 34.1048265),394.3838195800781
,5368754216,-117.70491340000001,34.1049429,POINT (-117.7049134 34.1049429),394.8195190429688
,5368754217,-117.70496399999999,34.1048276,POINT (-117.704964 34.1048276),394.7544555664062
,1337872429,-117.7093173,34.106455100000005,POINT (-117.7093173 34.1064551),393.5857543945312
,1337872446,-117.7060477,34.10667720000001,POINT (-117.7060477 34.1066772),399.4407348632812
,660557908,-117.70444180000001,34.1025229,POINT (-117.7044418 34.1025229),386.5155334472656
,5370843250,-117.7121301,34.1043997,POINT (-117.7121301 34.1043997),384.3092346191406
,5370843253,-117.7116406,34.104397799999994,POINT (-117.7116406 34.1043978),384.9880676269531
,5257162935,-117.7070244,34.1037766,POINT (-117.7070244 34.1037766),387.6488037109375
,2932297912,-117.7121155,34.1043862,POINT (-117.7121155 34.1043862),384.3045654296875
,2932297913,-117.71213529999999,34.1034333,POINT (-117.7121353 34.1034333),381.6109008789062
,5257162932,-117.7053419,34.1044689,POINT (-117.7053419 34.1044689),391.7240905761719
,5257162934,-117.70532790000001,34.103769899999996,POINT (-117.7053279 34.1037699),390.1317443847656
,5257162941,-117.70562290000001,34.104198600000004,POINT (-117.7056229 34.1041986),390.9839172363281
,5257162943,-117.70579029999999,34.104205,POINT (-117.7057903 34.104205),390.499755859375
,5257162945,-117.7057835,34.1045796,POINT (-117.7057835 34.1045796),391.5960693359375
,5257162948,-117.70553840000001,34.104207099999996,POINT (-117.7055384 34.1042071),391.0469055175781
,5257162946,-117.70532150000001,34.1041674,POINT (-117.7053215 34.1041674),391.0620422363281
,5257162950,-117.70554579999998,34.1041025,POINT (-117.7055458 34.1041025),390.5023193359375
,5257162952,-117.7055548,34.1041339,POINT (-117.7055548 34.1041339),390.670654296875
,5257162953,-117.7053236,34.1040342,POINT (-117.7053236 34.1040342),390.8316345214844
,660558174,-117.70810719999999,34.103225,POINT (-117.7081072 34.103225),385.1982727050781
,660558175,-117.70710520000002,34.103233700000004,POINT (-117.7071052 34.1032337),386.0366516113281
,660558177,-117.70813059999999,34.1025613,POINT (-117.7081306 34.1025613),382.614501953125
,5366824522,-117.708184,34.100962100000004,POINT (-117.708184 34.1009621),377.8802185058594
,5366824526,-117.7092031,34.1017622,POINT (-117.7092031 34.1017622),378.446044921875
,5366824529,-117.7093179,34.1016638,POINT (-117.7093179 34.1016638),378.2855834960938
,5368738198,-117.7067517,34.1050476,POINT (-117.7067517 34.1050476),392.8314514160156
,5368738204,-117.70706740000001,34.104948900000004,POINT (-117.7070674 34.1049489),391.7639770507812
,5258514846,-117.7059443,34.1029918,POINT (-117.7059443 34.1029918),387.1212158203125
,5258514852,-117.70581159999999,34.1031539,POINT (-117.7058116 34.1031539),387.8036804199219
,5258514858,-117.70579409999999,34.103365999999994,POINT (-117.7057941 34.103366),388.2869262695312
,5258514859,-117.70579479999999,34.103452600000004,POINT (-117.7057948 34.1034526),388.5494384765625
,5258514865,-117.70583300000001,34.1036592,POINT (-117.705833 34.1036592),389.4615783691406
,5258514869,-117.70588059999999,34.1037721,POINT (-117.7058806 34.1037721),389.3160400390625
,5258514874,-117.70532539999999,34.1034737,POINT (-117.7053254 34.1034737),389.12646484375
,5258514875,-117.70546090000002,34.1033888,POINT (-117.7054609 34.1033888),388.6060791015625
,5258514878,-117.70569820000001,34.10339260000001,POINT (-117.7056982 34.1033926),388.3795776367188
,5258514883,-117.70531070000001,34.10332879999999,POINT (-117.7053107 34.1033288),388.7268676757812
,5258514886,-117.7060134,34.1029914,POINT (-117.7060134 34.1029914),386.9039001464844
,5368746449,-117.7101091,34.103813200000005,POINT (-117.7101091 34.1038132),384.6097106933594
,5258514899,-117.70593970000002,34.1025672,POINT (-117.7059397 34.1025672),384.9138488769531
,5258514898,-117.70620120000001,34.1029903,POINT (-117.7062012 34.1029903),386.3964233398438
,5258514900,-117.7053185,34.1034061,POINT (-117.7053185 34.1034061),388.9384765625
,5366824543,-117.710378,34.102508799999995,POINT (-117.710378 34.1025088),380.2616271972656
,5258514903,-117.70499950000001,34.103454799999994,POINT (-117.7049995 34.1034548),390.0010986328125
,5258514912,-117.7053275,34.1037919,POINT (-117.7053275 34.1037919),390.1762390136719
,5258514915,-117.7045013,34.103781899999994,POINT (-117.7045013 34.1037819),390.2529602050781
,5258514916,-117.70486740000001,34.1037869,POINT (-117.7048674 34.1037869),390.4198303222656
,5258514921,-117.70482179999999,34.1033688,POINT (-117.7048218 34.1033688),390.1459350585938
,5258514928,-117.70487549999999,34.1029912,POINT (-117.7048755 34.1029912),386.9146423339844
,5258514934,-117.70531629999999,34.103120000000004,POINT (-117.7053163 34.10312),388.1783142089844
,5258514939,-117.7045027,34.1035331,POINT (-117.7045027 34.1035331),389.5306701660156
,5258514940,-117.70461670000002,34.1036652,POINT (-117.7046167 34.1036652),389.9526977539062
,5258514943,-117.7046098,34.103524799999995,POINT (-117.7046098 34.1035248),389.8860778808594
,5258514944,-117.70474250000001,34.103603799999995,POINT (-117.7047425 34.1036038),389.8014831542969
,5258514947,-117.7046663,34.103491999999996,POINT (-117.7046663 34.103492),389.8619995117188
,5365357531,-117.70658799999998,34.102784899999996,POINT (-117.706588 34.1027849),385.4801330566406
,5257253421,-117.71027420000001,34.1021086,POINT (-117.7102742 34.1021086),378.9736938476562
,5257253423,-117.710675,34.102219500000004,POINT (-117.710675 34.1022195),379.1980285644531
,5257253424,-117.7106774,34.1019979,POINT (-117.7106774 34.1019979),378.6272583007812
,5257253425,-117.71036289999999,34.1019955,POINT (-117.7103629 34.1019955),378.4540710449219
,5257253426,-117.71036070000001,34.1021919,POINT (-117.7103607 34.1021919),379.0271911621094
,5257253427,-117.7103625,34.1020331,POINT (-117.7103625 34.1020331),378.5215759277344
,5257253430,-117.7099094,34.102103,POINT (-117.7099094 34.102103),379.2727966308594
,5257253432,-117.710136,34.102298499999996,POINT (-117.710136 34.1022985),380.1030883789062
,5257253435,-117.7088767,34.102259600000004,POINT (-117.7088767 34.1022596),381.4954833984375
,5257253436,-117.7081418,34.102156,POINT (-117.7081418 34.102156),381.5279846191406
,5257253437,-117.70814309999999,34.102009,POINT (-117.7081431 34.102009),381.2583312988281
,5257253441,-117.70737849999999,34.102121200000006,POINT (-117.7073785 34.1021212),382.5378112792969
,5257253442,-117.7073787,34.10210479999999,POINT (-117.7073787 34.1021048),382.5313110351562
,5257253443,-117.7071672,34.102101700000006,POINT (-117.7071672 34.1021017),382.8755187988281
,5257253444,-117.70793529999999,34.102008700000006,POINT (-117.7079353 34.1020087),381.3559265136719
,5257253445,-117.70793390000001,34.102154399999996,POINT (-117.7079339 34.1021544),381.5218811035156
,5366824569,-117.71217920000001,34.1030086,POINT (-117.7121792 34.1030086),380.7214965820312
,5257252610,-117.7090189,34.1018277,POINT (-117.7090189 34.1018277),379.2267150878906
,5366824573,-117.71265509999999,34.1033639,POINT (-117.7126551 34.1033639),380.8318786621094
,5366824574,-117.71232240000002,34.1025643,POINT (-117.7123224 34.1025643),377.3773498535156
,4789170820,-117.71046399999999,34.105957399999994,POINT (-117.710464 34.1059574),391.7376098632812
,5368525533,-117.7064271,34.104978700000004,POINT (-117.7064271 34.1049787),393.2162170410156
,5368525537,-117.70675290000001,34.105146399999995,POINT (-117.7067529 34.1051464),393.0459594726562
,5368525542,-117.7066497,34.104978700000004,POINT (-117.7066497 34.1049787),392.779052734375
,5368525548,-117.706478,34.104978700000004,POINT (-117.706478 34.1049787),393.0481262207031
,5368525558,-117.7059896,34.102471,POINT (-117.7059896 34.102471),384.6711120605469
,5368525563,-117.7058115,34.102453999999994,POINT (-117.7058115 34.102454),384.7334899902344
,5368525557,-117.70588390000002,34.1050264,POINT (-117.7058839 34.1050264),394.2526550292969
,5368525565,-117.70723840000001,34.1002958,POINT (-117.7072384 34.1002958),376.4404602050781
,5368525566,-117.7070848,34.1002969,POINT (-117.7070848 34.1002969),376.3656005859375
,5368525567,-117.70755890000001,34.1000526,POINT (-117.7075589 34.1000526),375.3945007324219
,5368525573,-117.7092385,34.1006315,POINT (-117.7092385 34.1006315),374.9036865234375
,5366824605,-117.7080662,34.10137279999999,POINT (-117.7080662 34.1013728),379.1670837402344
,5368525572,-117.70786229999999,34.1002316,POINT (-117.7078623 34.1002316),375.8885498046875
,5368525570,-117.7081909,34.10054470000001,POINT (-117.7081909 34.1005447),376.4300537109375
,5368525581,-117.70923290000002,34.099656700000004,POINT (-117.7092329 34.0996567),372.1531066894531
,5368525588,-117.70921440000001,34.0987092,POINT (-117.7092144 34.0987092),369.6520080566406
,5368525590,-117.70830910000001,34.0987081,POINT (-117.7083091 34.0987081),370.6939086914062
,5368525591,-117.70899709999999,34.0987086,POINT (-117.7089971 34.0987086),370.0724182128906
,5368525593,-117.70899309999999,34.0985638,POINT (-117.7089931 34.0985638),368.9793395996094
,5366824622,-117.7072969,34.1022716,POINT (-117.7072969 34.1022716),383.3341369628906
,5366824623,-117.7072976,34.102227,POINT (-117.7072976 34.102227),383.3293762207031
,5366824624,-117.707379,34.1020479,POINT (-117.707379 34.1020479),382.3122253417969
,3833607067,-117.7139763,34.0970528,POINT (-117.7139763 34.0970528),364.2556762695312
,3833607068,-117.7139245,34.09704970000001,POINT (-117.7139245 34.0970497),364.1761169433594
,3833607069,-117.71389850000001,34.097015999999996,POINT (-117.7138985 34.097016),363.9606018066406
,3833607070,-117.713778,34.097016100000005,POINT (-117.713778 34.0970161),363.7700805664062
,3833607071,-117.71375400000001,34.09704970000001,POINT (-117.713754 34.0970497),364.0899047851562
,3833607072,-117.7136985,34.0970528,POINT (-117.7136985 34.0970528),364.2843322753906
,5366824637,-117.7100291,34.10210479999999,POINT (-117.7100291 34.1021048),379.1528930664062
,5366823912,-117.70726979999999,34.1004434,POINT (-117.7072698 34.1004434),377.1672973632812
,5366823915,-117.7080402,34.1004796,POINT (-117.7080402 34.1004796),377.0289306640625
,5366824667,-117.7101078,34.1039468,POINT (-117.7101078 34.1039468),385.4794921875
,5366823917,-117.70808090000001,34.1006005,POINT (-117.7080809 34.1006005),378.1627502441406
,5366824676,-117.7090568,34.1043028,POINT (-117.7090568 34.1043028),387.4749755859375
,5366823918,-117.7080781,34.1009601,POINT (-117.7080781 34.1009601),378.838134765625
,5366824680,-117.7094247,34.1045066,POINT (-117.7094247 34.1045066),387.4662170410156
,5366824681,-117.70943270000001,34.1043321,POINT (-117.7094327 34.1043321),387.0226745605469
,5366824682,-117.709475,34.1043324,POINT (-117.709475 34.1043324),387.218017578125
,5366824686,-117.7084269,34.104899100000004,POINT (-117.7084269 34.1048991),389.0465393066406
,5366824687,-117.70840700000001,34.1047954,POINT (-117.708407 34.1047954),388.7082824707031
,5259487303,-117.703988,34.1007989,POINT (-117.703988 34.1007989),379.5201110839844
,5366824689,-117.7087068,34.104843599999995,POINT (-117.7087068 34.1048436),389.2560729980469
,5366824690,-117.7084189,34.104890000000005,POINT (-117.7084189 34.10489),389.0101013183594
,5366824691,-117.7082797,34.105026200000005,POINT (-117.7082797 34.1050262),390.3114013671875
,5366824692,-117.7083824,34.1042537,POINT (-117.7083824 34.1042537),387.4883728027344
,5259487309,-117.70385120000002,34.1009116,POINT (-117.7038512 34.1009116),380.3484497070312
,5366824694,-117.7082924,34.104405299999996,POINT (-117.7082924 34.1044053),387.7428894042969
,5366824695,-117.70838859999999,34.1044048,POINT (-117.7083886 34.1044048),387.9857177734375
,5152734459,-117.71272250000001,34.0985199,POINT (-117.7127225 34.0985199),368.2440795898438
,5366824696,-117.7079618,34.104146500000006,POINT (-117.7079618 34.1041465),387.6687927246094
,6062847185,-117.7036999,34.103483700000005,POINT (-117.7036999 34.1034837),389.7705078125
,6062847190,-117.7037034,34.1027622,POINT (-117.7037034 34.1027622),387.1390380859375
,5259487313,-117.70385049999999,34.1006562,POINT (-117.7038505 34.1006562),379.5058288574219
,5152734462,-117.71383940000001,34.0986461,POINT (-117.7138394 34.0986461),367.4901428222656
,5259487315,-117.70877970000001,34.100632399999995,POINT (-117.7087797 34.1006324),375.8154907226562
,5152734464,-117.71263219999999,34.098645,POINT (-117.7126322 34.098645),368.808837890625
,5366824701,-117.70762590000001,34.1046468,POINT (-117.7076259 34.1046468),390.3336181640625
,5259487317,-117.70875159999999,34.10087670000001,POINT (-117.7087516 34.1008767),376.8465881347656
,5152734465,-117.7144172,34.0986511,POINT (-117.7144172 34.0986511),366.9627685546875
,5259487318,-117.70858799999999,34.0999111,POINT (-117.708588 34.0999111),373.8338317871094
,5366824703,-117.707249,34.104463,POINT (-117.707249 34.104463),390.2205810546875
,5259487319,-117.70845320000001,34.099911600000006,POINT (-117.7084532 34.0999116),374.0057373046875
,5366824704,-117.7075125,34.104524100000006,POINT (-117.7075125 34.1045241),389.1668090820312
,5366824706,-117.70754409999999,34.104552399999996,POINT (-117.7075441 34.1045524),389.712646484375
,5366824707,-117.7075434,34.104524,POINT (-117.7075434 34.104524),389.1265258789062
,5366824718,-117.703581,34.10593660000001,POINT (-117.703581 34.1059366),399.5147705078125
,5366824731,-117.70373319999999,34.106232899999995,POINT (-117.7037332 34.1062329),399.6848449707031
,5365355987,-117.7104614,34.106015299999996,POINT (-117.7104614 34.1060153),391.8667297363281
,5365355989,-117.7104568,34.106148299999994,POINT (-117.7104568 34.1061483),392.3438110351562
,5365356001,-117.7105447,34.1060838,POINT (-117.7105447 34.1060838),391.9873657226562
,5365356006,-117.7106271,34.106084,POINT (-117.7106271 34.106084),391.685546875
,5365356007,-117.71075490000001,34.1059589,POINT (-117.7107549 34.1059589),391.3384704589844
,5365356008,-117.7104545,34.1062024,POINT (-117.7104545 34.1062024),392.4735717773438
,5365356009,-117.71058810000001,34.1059581,POINT (-117.7105881 34.1059581),391.5855407714844
,5365356011,-117.71047320000001,34.1055726,POINT (-117.7104732 34.1055726),390.2557983398438
,5365356012,-117.7103494,34.105956799999994,POINT (-117.7103494 34.1059568),391.9613037109375
,5365356014,-117.71034679999998,34.1060787,POINT (-117.7103468 34.1060787),392.260986328125
,5365356015,-117.71017920000001,34.106197200000004,POINT (-117.7101792 34.1061972),392.8392944335938
,5365356016,-117.71038490000002,34.1060793,POINT (-117.7103849 34.1060793),392.2344055175781
,5257213508,-117.7100858,34.1053165,POINT (-117.7100858 34.1053165),389.5776977539062
,5257213509,-117.71010190000001,34.1045175,POINT (-117.7101019 34.1045175),387.342529296875
,5257213511,-117.711148,34.1044531,POINT (-117.711148 34.1044531),385.7713012695312
,5257213512,-117.71150420000001,34.104450899999996,POINT (-117.7115042 34.1044509),385.2258911132812
,5257213513,-117.71065990000001,34.1045258,POINT (-117.7106599 34.1045258),386.6579284667969
,5257213514,-117.7106598,34.1046552,POINT (-117.7106598 34.1046552),387.8475036621094
,5257213516,-117.71010840000001,34.1038846,POINT (-117.7101084 34.1038846),385.1474914550781
,5257213517,-117.70980949999999,34.103880100000005,POINT (-117.7098095 34.1038801),385.2202453613281
,5257213519,-117.70943670000001,34.1037691,POINT (-117.7094367 34.1037691),384.9431762695312
,123418231,-117.7070998,34.102645,POINT (-117.7070998 34.102645),384.3657531738281
,5259515539,-117.7093173,34.10656029999999,POINT (-117.7093173 34.1065603),394.1791687011719
,5259515540,-117.70722649999999,34.106151000000004,POINT (-117.7072265 34.106151),395.6949157714844
,5259515541,-117.70793059999998,34.106545600000004,POINT (-117.7079306 34.1065456),394.6171875
,5259515542,-117.7079307,34.106157399999994,POINT (-117.7079307 34.1061574),394.2469482421875
,5259515543,-117.70851129999998,34.1065518,POINT (-117.7085113 34.1065518),394.3844299316406
,5259515544,-117.70851540000001,34.1061636,POINT (-117.7085154 34.1061636),393.9261169433594
,5259515545,-117.70864540000001,34.1065532,POINT (-117.7086454 34.1065532),394.4713745117188
,5259515546,-117.7086521,34.106165399999995,POINT (-117.7086521 34.1061654),393.7566833496094
,5259515547,-117.7091752,34.1065588,POINT (-117.7091752 34.1065588),394.7174682617188
,5259515548,-117.70918200000001,34.1061719,POINT (-117.709182 34.1061719),393.6706848144531
,5259515549,-117.70921270000001,34.106717100000004,POINT (-117.7092127 34.1067171),395.7062377929688
,5366824796,-117.704348,34.1065455,POINT (-117.704348 34.1065455),401.6637268066406
,123361014,-117.70931200000001,34.1054354,POINT (-117.709312 34.1054354),390.2157287597656
,123361018,-117.7071571,34.104821,POINT (-117.7071571 34.104821),391.1068725585938
,5366824597,-117.70913870000001,34.1011539,POINT (-117.7091387 34.1011539),377.2329711914062
,5368543154,-117.7126202,34.095371500000006,POINT (-117.7126202 34.0953715),357.4080810546875
,5368543155,-117.7127878,34.0955092,POINT (-117.7127878 34.0955092),357.6084594726562
,5368543156,-117.7129554,34.0956497,POINT (-117.7129554 34.0956497),358.8104858398438
,5368543157,-117.71315530000001,34.095811299999994,POINT (-117.7131553 34.0958113),358.7813415527344
,5368543160,-117.7132813,34.0960301,POINT (-117.7132813 34.0960301),359.8488159179688
,5368543168,-117.7132183,34.09564879999999,POINT (-117.7132183 34.0956488),358.4091796875
,5368543169,-117.7132165,34.0958796,POINT (-117.7132165 34.0958796),359.2161560058594
,5368543170,-117.71299029999999,34.0958535,POINT (-117.7129903 34.0958535),359.2268676757812
,5368543171,-117.71298840000001,34.095676399999995,POINT (-117.7129884 34.0956764),358.9285583496094
,5368543172,-117.7127348,34.09585070000001,POINT (-117.7127348 34.0958507),359.1664428710938
,5368543185,-117.71274220000001,34.0956506,POINT (-117.7127422 34.0956506),358.9299011230469
,5368543187,-117.71263689999999,34.09586289999999,POINT (-117.7126369 34.0958629),359.3057250976562
,5368543188,-117.71315690000002,34.0958131,POINT (-117.7131569 34.0958131),358.7978210449219
,5368543202,-117.713196,34.0963239,POINT (-117.713196 34.0963239),361.1053161621094
,5368543203,-117.7132105,34.0962905,POINT (-117.7132105 34.0962905),360.8848571777344
,5368543206,-117.71333159999999,34.0963105,POINT (-117.7133316 34.0963105),361.2273559570312
,5368543208,-117.71437040000002,34.095649200000004,POINT (-117.7143704 34.0956492),358.3129577636719
,5368543209,-117.7141518,34.0957559,POINT (-117.7141518 34.0957559),358.5004577636719
,5368543210,-117.7141518,34.095649,POINT (-117.7141518 34.095649),358.1530456542969
,5368543211,-117.7137347,34.09564879999999,POINT (-117.7137347 34.0956488),358.2901611328125
,5368543212,-117.7137347,34.0957525,POINT (-117.7137347 34.0957525),358.4343566894531
,5368543213,-117.71393590000002,34.0956489,POINT (-117.7139359 34.0956489),358.0765075683594
,5368543214,-117.71393590000002,34.09574370000001,POINT (-117.7139359 34.0957437),358.3578796386719
,3835410599,-117.70310149999999,34.1054385,POINT (-117.7031015 34.1054385),397.6593933105469
,2396821762,-117.7115656,34.1102325,POINT (-117.7115656 34.1102325),405.4906616210938
,6060685590,-117.709337,34.1005631,POINT (-117.709337 34.1005631),374.1544799804688
,6060685591,-117.71035069999999,34.100545000000004,POINT (-117.7103507 34.100545),373.6822204589844
,5257230632,-117.71040690000001,34.1033114,POINT (-117.7104069 34.1033114),383.0836791992188
,5257230634,-117.7108093,34.1031136,POINT (-117.7108093 34.1031136),382.8642883300781
,5257230635,-117.7108093,34.1038165,POINT (-117.7108093 34.1038165),383.8399047851562
,5257230636,-117.710871,34.103815399999995,POINT (-117.710871 34.1038154),384.0816650390625
,5257230638,-117.7108669,34.1031137,POINT (-117.7108669 34.1031137),382.8746643066406
,5257230639,-117.7108723,34.1038954,POINT (-117.7108723 34.1038954),384.3701171875
,5257230641,-117.7110158,34.104403999999995,POINT (-117.7110158 34.104404),385.4041442871094
,5257230643,-117.71040500000001,34.10316470000001,POINT (-117.710405 34.1031647),382.9154052734375
,5366824924,-117.7033499,34.1062179,POINT (-117.7033499 34.1062179),400.6499633789062
,390043987,-117.7108751,34.105327700000004,POINT (-117.7108751 34.1053277),388.7474670410156
,390043988,-117.71002920000001,34.1053157,POINT (-117.7100292 34.1053157),389.5841674804688
,390043989,-117.7093148,34.1053079,POINT (-117.7093148 34.1053079),389.7506103515625
,390043994,-117.7081403,34.1049402,POINT (-117.7081403 34.1049402),390.2848510742188
,390043999,-117.7071498,34.10468710000001,POINT (-117.7071498 34.1046871),390.6736145019531
,3835418983,-117.7030922,34.1045041,POINT (-117.7030922 34.1045041),393.7999572753906
,5257214322,-117.7093375,34.103806799999994,POINT (-117.7093375 34.1038068),385.0312805175781
,5257214323,-117.7106893,34.1045262,POINT (-117.7106893 34.1045262),386.6612243652344
,5257214325,-117.7106893,34.1044387,POINT (-117.7106893 34.1044387),386.5045166015625
,5257214329,-117.7106585,34.104373100000004,POINT (-117.7106585 34.1043731),386.3679809570312
,5257214334,-117.71063159999999,34.1044398,POINT (-117.7106316 34.1044398),386.4252014160156
,5257214335,-117.71063159999999,34.10452539999999,POINT (-117.7106316 34.1045254),386.6347351074219
,5257214336,-117.71066129999998,34.103815999999995,POINT (-117.7106613 34.103816),383.5850219726562
,5257214339,-117.71081000000001,34.1033093,POINT (-117.71081 34.1033093),383.1502075195312
,5257214341,-117.7095038,34.1032371,POINT (-117.7095038 34.1032371),382.9248657226562
,5257214342,-117.7093058,34.103238299999994,POINT (-117.7093058 34.1032383),382.7485961914062
,390044062,-117.70805779999999,34.10503189999999,POINT (-117.7080578 34.1050319),390.6805419921875
,3833674161,-117.7145798,34.0978389,POINT (-117.7145798 34.0978389),365.2416381835938
,5366824946,-117.70493710000001,34.105146999999995,POINT (-117.7049371 34.105147),395.8898315429688
,3833600546,-117.71146340000001,34.0963955,POINT (-117.7114634 34.0963955),362.2178344726562
,5257009758,-117.7115232,34.1062388,POINT (-117.7115232 34.1062388),390.5293884277344
,5257009759,-117.71257469999999,34.10625220000001,POINT (-117.7125747 34.1062522),390.5294189453125
,5257009760,-117.71257469999999,34.105936799999995,POINT (-117.7125747 34.1059368),390.5110778808594
,5259526672,-117.71100179999999,34.106646399999995,POINT (-117.7110018 34.1066464),392.3247680664062
,4789172921,-117.71047630000001,34.10544470000001,POINT (-117.7104763 34.1054447),389.7833251953125
,5365357336,-117.70654809999999,34.106084,POINT (-117.7065481 34.106084),396.2853088378906
,5365357347,-117.70650790000002,34.10659129999999,POINT (-117.7065079 34.1065913),398.521240234375
,5365357353,-117.7058803,34.106637899999996,POINT (-117.7058803 34.1066379),399.160400390625
,5365357354,-117.7070752,34.1065979,POINT (-117.7070752 34.1065979),397.7101440429688
,5365357355,-117.70568259999999,34.1062473,POINT (-117.7056826 34.1062473),397.5731201171875
,5365357360,-117.7056362,34.1063831,POINT (-117.7056362 34.1063831),398.7123718261719
,5365357369,-117.7055665,34.1052088,POINT (-117.7055665 34.1052088),395.81787109375
,5365357382,-117.7048275,34.104468,POINT (-117.7048275 34.104468),392.7094421386719
,5365357388,-117.7047215,34.1045547,POINT (-117.7047215 34.1045547),392.9194946289062
,5365357393,-117.70456259999999,34.104518,POINT (-117.7045626 34.104518),392.6800231933594
,5365357394,-117.7045606,34.1044675,POINT (-117.7045606 34.1044675),392.4953308105469
,122960732,-117.71491340000001,34.0956496,POINT (-117.7149134 34.0956496),357.7597351074219
,5365357405,-117.70473559999999,34.1046191,POINT (-117.7047356 34.1046191),393.1300659179688
,5365357410,-117.704631,34.1047529,POINT (-117.704631 34.1047529),393.6160888671875
,122960743,-117.7149387,34.1043973,POINT (-117.7149387 34.1043973),382.9707946777344
,5365357418,-117.70594229999999,34.1028116,POINT (-117.7059423 34.1028116),386.4517211914062
,5365357417,-117.70343629999999,34.1042156,POINT (-117.7034363 34.1042156),394.825439453125
,5259492221,-117.7098828,34.099661499999996,POINT (-117.7098828 34.0996615),371.5706176757812
,5259492228,-117.70977520000001,34.098732500000004,POINT (-117.7097752 34.0987325),369.3386840820312
,5259492237,-117.71133959999999,34.098343799999995,POINT (-117.7113396 34.0983438),366.3818054199219
,5259492249,-117.71136509999998,34.0980407,POINT (-117.7113651 34.0980407),365.3945007324219
,5259492261,-117.71124840430001,34.09957660045,POINT (-117.7112484043 34.09957660045),370.1101684570312
,5259492269,-117.7113751,34.0984555,POINT (-117.7113751 34.0984555),366.8989562988281
,5259492285,-117.7114321,34.0977414,POINT (-117.7114321 34.0977414),364.4346923828125
,5259492288,-117.7112953,34.0977403,POINT (-117.7112953 34.0977403),364.5441589355469
,5259492290,-117.7094741,34.0987059,POINT (-117.7094741 34.0987059),369.4231567382812
,5259492291,-117.7094741,34.098796899999996,POINT (-117.7094741 34.0987969),370.0574340820312
,5259492292,-117.7094741,34.0983516,POINT (-117.7094741 34.0983516),368.1528625488281
,5366823868,-117.7070223,34.1007462,POINT (-117.7070223 34.1007462),378.5751342773438
,5366823877,-117.70714070000001,34.100578000000006,POINT (-117.7071407 34.100578),378.3978881835938
,5366823880,-117.7070269,34.1005777,POINT (-117.7070269 34.1005777),377.8367919921875
,5366823876,-117.70685470000001,34.1005773,POINT (-117.7068547 34.1005773),377.4048461914062
,5366823882,-117.7067263,34.1005777,POINT (-117.7067263 34.1005777),377.3790893554688
,5366823884,-117.70714,34.100846000000004,POINT (-117.70714 34.100846),378.8604431152344
,5366823885,-117.7070038,34.100846000000004,POINT (-117.7070038 34.100846),378.4808044433594
,5366823883,-117.7067247,34.100846000000004,POINT (-117.7067247 34.100846),378.2073669433594
,5365357523,-117.7062045,34.1028959,POINT (-117.7062045 34.1028959),386.3929748535156
,5366823888,-117.70700330000001,34.1010098,POINT (-117.7070033 34.1010098),379.0635986328125
,5365357526,-117.70636940000001,34.1028993,POINT (-117.7063694 34.1028993),386.3859558105469
,5366823889,-117.70696310000001,34.1010105,POINT (-117.7069631 34.1010105),379.3651428222656
,5365357532,-117.706069,34.102991100000004,POINT (-117.706069 34.1029911),386.7065734863281
,390036548,-117.70899920000001,34.1025571,POINT (-117.7089992 34.1025571),381.3223571777344
,-58290,-117.70969167616998,34.100980078659994,POINT (-117.70969167617 34.10098007866),375.8180847167969
,-58288,-117.70973190953998,34.10097899809,POINT (-117.70973190954 34.10097899809),375.7869567871094
,-58283,-117.70995362876002,34.10084465656,POINT (-117.70995362876 34.10084465656),375.3432312011719
,-58281,-117.70995365803002,34.10088504352,POINT (-117.70995365803 34.10088504352),375.4441833496094
,390036572,-117.7070867,34.1004144,POINT (-117.7070867 34.1004144),376.7239379882812
,-58242,-117.71328490978,34.10060916093,POINT (-117.71328490978 34.10060916093),372.5427856445312
,390036637,-117.7071409,34.100530600000006,POINT (-117.7071409 34.1005306),378.5106506347656
,390036688,-117.7072023,34.1025643,POINT (-117.7072023 34.1025643),384.1433410644531
,4829437156,-117.70589129999999,34.1060701,POINT (-117.7058913 34.1060701),396.9024963378906
,5152734438,-117.71384240000002,34.09908660000001,POINT (-117.7138424 34.0990866),369.3425598144531
,5152734439,-117.71383259999999,34.0976246,POINT (-117.7138326 34.0976246),365.086181640625
,5152734441,-117.7148017,34.0984214,POINT (-117.7148017 34.0984214),366.4724426269531
,5152734442,-117.7147999,34.0976222,POINT (-117.7147999 34.0976222),363.9950561523438
,5152734443,-117.71481259999999,34.0995723,POINT (-117.7148126 34.0995723),367.6796569824219
,5152734446,-117.7144084,34.0976232,POINT (-117.7144084 34.0976232),364.3609313964844
,5152734447,-117.71480030000001,34.097810700000004,POINT (-117.7148003 34.0978107),365.0195922851562
,5152734448,-117.7144104,34.09780870000001,POINT (-117.7144104 34.0978087),365.5025329589844
,5152734444,-117.7138379,34.098418,POINT (-117.7138379 34.098418),366.8797912597656
,5152734445,-117.71441680000001,34.0984201,POINT (-117.7144168 34.0984201),366.5473327636719
,5152734450,-117.7131862,34.0978052,POINT (-117.7131862 34.0978052),366.3963928222656
,5152734449,-117.7138338,34.097805799999996,POINT (-117.7138338 34.0978058),366.0126037597656
,5152734452,-117.7131878,34.0990741,POINT (-117.7131878 34.0990741),370.7401123046875
,5152734453,-117.7130166,34.0984194,POINT (-117.7130166 34.0984194),367.7989501953125
,5152734451,-117.7131845,34.09762620000001,POINT (-117.7131845 34.0976262),365.5630493164062
,5152734457,-117.71262949999999,34.0982528,POINT (-117.7126295 34.0982528),367.6749572753906
,-58119,-117.71124781417,34.09957755895,POINT (-117.71124781417 34.09957755895),370.109130859375
,5152734467,-117.7144355,34.098981200000004,POINT (-117.7144355 34.0989812),368.858642578125
,5152734460,-117.7126317,34.098575,POINT (-117.7126317 34.098575),368.5971374511719
,5152734461,-117.7148039,34.098654499999995,POINT (-117.7148039 34.0986545),366.435546875
,5152734463,-117.71318729999999,34.098645,POINT (-117.7131873 34.098645),367.9720764160156
,5152734466,-117.7144121,34.098981200000004,POINT (-117.7144121 34.0989812),368.8883361816406
,-58099,-117.71049410171999,34.10001226081,POINT (-117.71049410172 34.10001226081),372.1206359863281
,-58096,-117.71026879616001,34.1000294738,POINT (-117.71026879616 34.1000294738),372.0650634765625
,-58092,-117.71050684221001,34.100057236670004,POINT (-117.71050684221 34.10005723667),372.1318359375
,-58094,-117.710511653,34.10021423651,POINT (-117.710511653 34.10021423651),372.8088989257812
,-58084,-117.71039351888001,34.100145522540004,POINT (-117.71039351888 34.10014552254),372.9002685546875
,-58080,-117.71026074953001,34.100081667990004,POINT (-117.71026074953 34.10008166799),372.3845520019531
,-58070,-117.70994961397,34.09973444501,POINT (-117.70994961397 34.09973444501),371.61181640625
,-58053,-117.71246016159999,34.10128878906,POINT (-117.7124601616 34.10128878906),374.8846130371094
,-58048,-117.71274846441999,34.101282124259995,POINT (-117.71274846442 34.10128212426),374.9002380371094
,-58046,-117.71256540991001,34.10128565933,POINT (-117.71256540991 34.10128565933),374.5851135253906
,-58042,-117.71274838797,34.10112776802,POINT (-117.71274838797 34.10112776802),374.7655639648438
,-58040,-117.7125789961,34.10113217683,POINT (-117.7125789961 34.10113217683),374.3935852050781
,-58012,-117.71157635421001,34.10259097241,POINT (-117.71157635421 34.10259097241),379.7134399414062
,-57995,-117.71162329526001,34.10169734918,POINT (-117.71162329526 34.10169734918),376.916259765625
,-57989,-117.71220602161999,34.101599727520004,POINT (-117.71220602162 34.10159972752),376.2856750488281
,-57983,-117.71243870325,34.10159861703,POINT (-117.71243870325 34.10159861703),376.2443237304688
,-57975,-117.71328779301001,34.10171632943,POINT (-117.71328779301 34.10171632943),375.5476684570312
,-57970,-117.7132943286,34.10329654659,POINT (-117.7132943286 34.10329654659),380.2413024902344
,-57960,-117.71328627963001,34.10051161718,POINT (-117.71328627963 34.10051161718),372.684326171875
,-57875,-117.71482385761999,34.10156141546,POINT (-117.71482385762 34.10156141546),373.3641662597656
,-57826,-117.71280214325,34.101680794130004,POINT (-117.71280214325 34.10168079413),375.1987915039062
,-57780,-117.71232025043001,34.10111359828,POINT (-117.71232025043 34.10111359828),375.4876708984375
,-57778,-117.712580861,34.10111110911,POINT (-117.712580861 34.10111110911),374.4057006835938
,5366824531,-117.7088767,34.1021835,POINT (-117.7088767 34.1021835),381.4635314941406
,5366824532,-117.70918219999999,34.1021868,POINT (-117.7091822 34.1021868),380.6225280761719
,5366824535,-117.70918329999999,34.1020964,POINT (-117.7091833 34.1020964),380.0573425292969
,5366824537,-117.70803909999998,34.10224829999999,POINT (-117.7080391 34.1022483),382.0543212890625
,5366824538,-117.7079101,34.1022471,POINT (-117.7079101 34.1022471),382.7344055175781
,5366824539,-117.7079334,34.1023585,POINT (-117.7079334 34.1023585),383.0600280761719
,5366824540,-117.7080365,34.1023592,POINT (-117.7080365 34.1023592),382.3971252441406
,5366824541,-117.7081633,34.102366499999995,POINT (-117.7081633 34.1023665),382.0829162597656
,5366824542,-117.70803640000001,34.1023652,POINT (-117.7080364 34.1023652),382.397705078125
,5366824534,-117.7091916,34.1022934,POINT (-117.7091916 34.1022934),381.0596923828125
,5366824544,-117.71038200000001,34.10221729999999,POINT (-117.710382 34.1022173),379.0687866210938
,5366824545,-117.71318219999999,34.10263079999999,POINT (-117.7131822 34.1026308),377.8730163574219
,5366824556,-117.71269960000001,34.1029002,POINT (-117.7126996 34.1029002),379.12744140625
,5366824557,-117.71269869999999,34.102580200000006,POINT (-117.7126987 34.1025802),378.4927673339844
,5366824558,-117.7126142,34.1029002,POINT (-117.7126142 34.1029002),379.0921325683594
,5366824559,-117.7126118,34.1025817,POINT (-117.7126118 34.1025817),378.5070190429688
,5366824560,-117.7125815,34.1029226,POINT (-117.7125815 34.1029226),379.1746826171875
,5366824561,-117.71257920000001,34.1030085,POINT (-117.7125792 34.1030085),379.3573913574219
,-57742,-117.71274808325,34.10051254762,POINT (-117.71274808325 34.10051254762),373.2342529296875
,5366824563,-117.7127004,34.1030369,POINT (-117.7127004 34.1030369),379.4655456542969
,-57740,-117.71338251045,34.10051145081,POINT (-117.71338251045 34.10051145081),372.5721435546875
,5366824565,-117.7127354,34.1029226,POINT (-117.7127354 34.1029226),379.1712646484375
,5366824564,-117.71273229999998,34.1030091,POINT (-117.7127323 34.1030091),379.3757629394531
,5366824562,-117.71261340000001,34.1030355,POINT (-117.7126134 34.1030355),379.4281616210938
,5366824570,-117.71310890000001,34.1030104,POINT (-117.7131089 34.1030104),379.27978515625
,5366824571,-117.7131108,34.1029224,POINT (-117.7131108 34.1029224),379.0489807128906
,5366824572,-117.71265590000002,34.1031664,POINT (-117.7126559 34.1031664),379.8360595703125
,-57730,-117.71471187606001,34.09993841207,POINT (-117.71471187606 34.09993841207),369.5861206054688
,5366824581,-117.71181979999999,34.1025109,POINT (-117.7118198 34.1025109),379.7410278320312
stop,647061122,-117.71270430000001,34.0976274,POINT (-117.7127043 34.0976274),365.365234375
,5366824585,-117.71181979999999,34.1026711,POINT (-117.7118198 34.1026711),379.9537048339844
,-57720,-117.71482116296002,34.10016439412,POINT (-117.71482116296 34.10016439412),369.2352600097656
,5366824584,-117.7116074,34.1025659,POINT (-117.7116074 34.1025659),379.7034912109375
,5366824587,-117.71167720000001,34.1028979,POINT (-117.7116772 34.1028979),380.5243225097656
,5366824591,-117.7116149,34.102562899999995,POINT (-117.7116149 34.1025629),379.6968383789062
,5366824589,-117.7115783,34.1027817,POINT (-117.7115783 34.1027817),380.4085083007812
,-57711,-117.71325683143999,34.09981062855,POINT (-117.71325683144 34.09981062855),371.1481628417969
,5366824592,-117.71232260000001,34.1022344,POINT (-117.7123226 34.1022344),377.3650512695312
,5366824606,-117.70687579999999,34.1021086,POINT (-117.7068758 34.1021086),383.2924194335938
,5366824607,-117.7071663,34.1021114,POINT (-117.7071663 34.1021114),382.8797607421875
,5366824609,-117.7071605,34.1020364,POINT (-117.7071605 34.1020364),382.57177734375
,5366824610,-117.7072081,34.1023477,POINT (-117.7072081 34.1023477),383.7668151855469
,1634483882,-117.71255090000001,34.1053941,POINT (-117.7125509 34.1053941),386.888916015625
,5366824618,-117.70702490000001,34.102343,POINT (-117.7070249 34.102343),383.6867065429688
,5366824619,-117.70702299999999,34.1025075,POINT (-117.707023 34.1025075),384.1437377929688
,5366824626,-117.7079463,34.102008700000006,POINT (-117.7079463 34.1020087),381.3152465820312
,5366824628,-117.7080467,34.10191629999999,POINT (-117.7080467 34.1019163),380.92333984375
,5366824621,-117.70729920000001,34.102104499999996,POINT (-117.7072992 34.1021045),382.7164611816406
,5366824625,-117.70791000000001,34.1019285,POINT (-117.70791 34.1019285),381.642822265625
,5366824627,-117.70792639999999,34.101915999999996,POINT (-117.7079264 34.101916),381.3262634277344
,5366824629,-117.7081812,34.10191629999999,POINT (-117.7081812 34.1019163),380.5567321777344
,5366824631,-117.70815,34.102009,POINT (-117.70815 34.102009),381.2650146484375
,5366824630,-117.7081987,34.1019275,POINT (-117.7081987 34.1019275),380.5933532714844
,5366824632,-117.7087577,34.102139,POINT (-117.7087577 34.102139),380.99755859375
,5366824633,-117.7087601,34.1020396,POINT (-117.7087601 34.1020396),380.398681640625
,5366824638,-117.7098832,34.10189129999999,POINT (-117.7098832 34.1018913),378.0878295898438
,5366824639,-117.70987759999998,34.1021025,POINT (-117.7098776 34.1021025),379.28662109375
,5366824640,-117.70930759999999,34.1033153,POINT (-117.7093076 34.1033153),382.9978637695312
,5366824641,-117.70898759999999,34.1033152,POINT (-117.7089876 34.1033152),384.1111450195312
,5366824646,-117.7089838,34.1031626,POINT (-117.7089838 34.1031626),383.9481201171875
,5366824647,-117.7093041,34.103163099999996,POINT (-117.7093041 34.1031631),382.4893798828125
,5366824650,-117.70885120000001,34.1041158,POINT (-117.7088512 34.1041158),386.8725280761719
,5366824651,-117.70885120000001,34.10425120000001,POINT (-117.7088512 34.1042512),387.8560180664062
,5366824652,-117.70837920000001,34.1041751,POINT (-117.7083792 34.1041751),387.3013000488281
,5366824653,-117.70885120000001,34.10418060000001,POINT (-117.7088512 34.1041806),387.5045776367188
,5366824654,-117.7090574,34.1042405,POINT (-117.7090574 34.1042405),387.2205200195312
,5366824658,-117.7093838,34.1041527,POINT (-117.7093838 34.1041527),386.5460205078125
,5366824665,-117.7101054,34.104177899999996,POINT (-117.7101054 34.1041779),386.4754333496094
,5366824666,-117.70938490000002,34.104042799999995,POINT (-117.7093849 34.1040428),386.3507995605469
,5366824672,-117.70980949999999,34.1040284,POINT (-117.7098095 34.1040284),385.851318359375
,5366824674,-117.70995759999998,34.1046227,POINT (-117.7099576 34.1046227),387.8099060058594
,5366824675,-117.7100998,34.1046241,POINT (-117.7100998 34.1046241),387.5306396484375
,5366824673,-117.7110136,34.1045287,POINT (-117.7110136 34.1045287),386.3918762207031
,5366824678,-117.7094344,34.1041524,POINT (-117.7094344 34.1041524),386.4686584472656
,5366824677,-117.7094344,34.1043011,POINT (-117.7094344 34.1043011),386.8488464355469
,4647001858,-117.71447959999999,34.1002457,POINT (-117.7144796 34.1002457),370.6420288085938
,5366824698,-117.7083918,34.104483,POINT (-117.7083918 34.104483),388.2305603027344
,5366824699,-117.7079629,34.1044064,POINT (-117.7079629 34.1044064),387.7384948730469
,5366824709,-117.7079631,34.1044597,POINT (-117.7079631 34.1044597),387.8602294921875
,5366824702,-117.70762320000001,34.104463,POINT (-117.7076232 34.104463),388.6697387695312
,5366824712,-117.7077135,34.104462100000006,POINT (-117.7077135 34.1044621),388.7183227539062
,5366824713,-117.70771270000002,34.1044039,POINT (-117.7077127 34.1044039),388.5387268066406
,5366824705,-117.70762409999999,34.1045236,POINT (-117.7076241 34.1045236),389.147705078125
,5366824708,-117.70754409999999,34.104463,POINT (-117.7075441 34.104463),388.5509338378906
,5366824710,-117.7074639,34.104463,POINT (-117.7074639 34.104463),388.60986328125
,5366824711,-117.7074631,34.104405799999995,POINT (-117.7074631 34.1044058),388.7220458984375
,5366824714,-117.7036505,34.1056433,POINT (-117.7036505 34.1056433),398.5888977050781
,5366824717,-117.7036213,34.1058148,POINT (-117.7036213 34.1058148),399.5091552734375
,5366824719,-117.7035942,34.1058967,POINT (-117.7035942 34.1058967),399.9857788085938
,5366824722,-117.703722,34.1059972,POINT (-117.703722 34.1059972),399.1683959960938
,5366824729,-117.70362069999999,34.106258700000005,POINT (-117.7036207 34.1062587),400.1933288574219
,5366824737,-117.70337430000001,34.1062758,POINT (-117.7033743 34.1062758),400.8753967285156
,3835379519,-117.70451509999998,34.1026744,POINT (-117.7045151 34.1026744),386.9156188964844
,3835379520,-117.7050648,34.1026196,POINT (-117.7050648 34.1026196),386.1364135742188
,5366824768,-117.7038376,34.1064891,POINT (-117.7038376 34.1064891),400.2950744628906
,5366824785,-117.70410990000002,34.106516,POINT (-117.7041099 34.106516),401.1471862792969
,5366824792,-117.7041706,34.10652,POINT (-117.7041706 34.10652),401.7580871582031
,5366824926,-117.704145,34.105622100000005,POINT (-117.704145 34.1056221),397.7779846191406
,5366824927,-117.70408370000001,34.105622499999996,POINT (-117.7040837 34.1056225),398.0047302246094
,5366824938,-117.7044051,34.105021799999996,POINT (-117.7044051 34.1050218),394.5863342285156
,5366824947,-117.70473510000001,34.10494310000001,POINT (-117.7047351 34.1049431),394.6600036621094
,5366824955,-117.70474709999999,34.1051315,POINT (-117.7047471 34.1051315),395.8114318847656
,5366824956,-117.70491559999999,34.104468100000005,POINT (-117.7049156 34.1044681),392.6857299804688
,5366824958,-117.7049625,34.1049429,POINT (-117.7049625 34.1049429),394.8486022949219
