highway,osmid,x,y,geometry
,5326481411,-117.7037585,34.1049333,POINT (-117.7037585 34.1049333)
,5259487244,-117.7105098,34.1038156,POINT (-117.7105098 34.1038156)
,5259487245,-117.7105138,34.1033108,POINT (-117.7105138 34.1033108)
,5259487246,-117.710661,34.1038866,POINT (-117.710661 34.1038866)
,5259487247,-117.7061546,34.1033975,POINT (-117.7061546 34.1033975)
,5259487249,-117.7057943,34.1033941,POINT (-117.7057943 34.1033941)
,660557847,-117.7044312,34.102601,POINT (-117.7044312 34.102601)
,5259487258,-117.7058622,34.1033948,POINT (-117.7058622 34.1033948)
,5259487259,-117.7052468,34.1030418,POINT (-117.7052468 34.1030418)
,5259487260,-117.7050964,34.1029912,POINT (-117.7050964 34.1029912)
,5259487261,-117.7050897,34.102624,POINT (-117.7050897 34.102624)
,5259487262,-117.7045057,34.1029905,POINT (-117.7045057 34.1029905)
,5259487263,-117.7071383,34.10151,POINT (-117.7071383 34.10151)
,5368754213,-117.7048812,34.1048265,POINT (-117.7048812 34.1048265)
,5368754216,-117.7049134,34.1049429,POINT (-117.7049134 34.1049429)
,5368754217,-117.704964,34.1048276,POINT (-117.704964 34.1048276)
,1337872429,-117.7093173,34.1064551,POINT (-117.7093173 34.1064551)
,5259487278,-117.7061002,34.1020571,POINT (-117.7061002 34.1020571)
,5259487279,-117.7063059,34.1019143,POINT (-117.7063059 34.1019143)
,1337872446,-117.7060477,34.1066772,POINT (-117.7060477 34.1066772)
,1337872449,-117.7093031,34.1070825,POINT (-117.7093031 34.1070825)
,5259487303,-117.703988,34.1007989,POINT (-117.703988 34.1007989)
,5259487309,-117.7038512,34.1009116,POINT (-117.7038512 34.1009116)
,5259487313,-117.7038505,34.1006562,POINT (-117.7038505 34.1006562)
,5259487315,-117.7087797,34.1006324,POINT (-117.7087797 34.1006324)
,660557908,-117.7044418,34.1025229,POINT (-117.7044418 34.1025229)
,5259487317,-117.7087516,34.1008767,POINT (-117.7087516 34.1008767)
,5259487318,-117.708588,34.0999111,POINT (-117.708588 34.0999111)
,5259487319,-117.7084532,34.0999116,POINT (-117.7084532 34.0999116)
,582817882,-117.7110773,34.0961335,POINT (-117.7110773 34.0961335)
,5370843227,-117.7139573,34.1016364,POINT (-117.7139573 34.1016364)
,5370843228,-117.7139604,34.1018554,POINT (-117.7139604 34.1018554)
,5370843231,-117.7139628,34.1020264,POINT (-117.7139628 34.1020264)
,5370843232,-117.7149324,34.1024384,POINT (-117.7149324 34.1024384)
,3835445345,-117.7092997,34.1029743,POINT (-117.7092997 34.1029743)
,3835445353,-117.7081161,34.1029855,POINT (-117.7081161 34.1029855)
,5370843244,-117.7149326,34.1027849,POINT (-117.7149326 34.1027849)
,123396206,-117.7156776,34.0976267,POINT (-117.7156776 34.0976267)
,5370843246,-117.7131906,34.1040766,POINT (-117.7131906 34.1040766)
stop,123396209,-117.7164046,34.0976295,POINT (-117.7164046 34.0976295)
,5370843250,-117.7121301,34.1043997,POINT (-117.7121301 34.1043997)
,5370843249,-117.7131915,34.104242,POINT (-117.7131915 34.104242)
,5370843253,-117.7116406,34.1043978,POINT (-117.7116406 34.1043978)
,5258487941,-117.7076084,34.102124,POINT (-117.7076084 34.102124)
,5258487942,-117.7076098,34.1020276,POINT (-117.7076098 34.1020276)
,5258487943,-117.7071686,34.1020488,POINT (-117.7071686 34.1020488)
,5258487944,-117.7071375,34.1017789,POINT (-117.7071375 34.1017789)
,5258487946,-117.7072651,34.1018568,POINT (-117.7072651 34.1018568)
,5258487947,-117.708051,34.1015847,POINT (-117.708051 34.1015847)
,5258487953,-117.7080819,34.1008463,POINT (-117.7080819 34.1008463)
,5258487954,-117.7085754,34.1008463,POINT (-117.7085754 34.1008463)
,5258487959,-117.7086585,34.1011761,POINT (-117.7086585 34.1011761)
,5258487964,-117.7085754,34.1014293,POINT (-117.7085754 34.1014293)
,5257162932,-117.7053419,34.1044689,POINT (-117.7053419 34.1044689)
,5257162934,-117.7053279,34.1037699,POINT (-117.7053279 34.1037699)
,5257162935,-117.7070244,34.1037766,POINT (-117.7070244 34.1037766)
,5257162936,-117.7053187,34.1043407,POINT (-117.7053187 34.1043407)
,5257162938,-117.7054043,34.1042508,POINT (-117.7054043 34.1042508)
,122607803,-117.7059151,34.0995964,POINT (-117.7059151 34.0995964)
,5257162941,-117.7056229,34.1041986,POINT (-117.7056229 34.1041986)
,5257162943,-117.7057903,34.104205,POINT (-117.7057903 34.104205)
stop,371251392,-117.7126252,34.1011969,POINT (-117.7126252 34.1011969)
,5257162945,-117.7057835,34.1045796,POINT (-117.7057835 34.1045796)
,5257162946,-117.7053215,34.1041674,POINT (-117.7053215 34.1041674)
,5257162948,-117.7055384,34.1042071,POINT (-117.7055384 34.1042071)
,5257162950,-117.7055458,34.1041025,POINT (-117.7055458 34.1041025)
,5257162952,-117.7055548,34.1041339,POINT (-117.7055548 34.1041339)
,5257162953,-117.7053236,34.1040342,POINT (-117.7053236 34.1040342)
,3572361418,-117.7093064,34.1069074,POINT (-117.7093064 34.1069074)
,3572361420,-117.7115669,34.1069492,POINT (-117.7115669 34.1069492)
,3572361422,-117.7123255,34.1069633,POINT (-117.7123255 34.1069633)
traffic_signals,3572361423,-117.7131808,34.1069714,POINT (-117.7131808 34.1069714)
,3572361427,-117.71427,34.1069858,POINT (-117.71427 34.1069858)
,3572361443,-117.7115609,34.1071243,POINT (-117.7115609 34.1071243)
stop,122937574,-117.714918,34.0946887,POINT (-117.714918 34.0946887)
,2396821762,-117.7115656,34.1102325,POINT (-117.7115656 34.1102325)
,123480327,-117.709617,34.0947719,POINT (-117.709617 34.0947719)
,6060685590,-117.709337,34.1005631,POINT (-117.709337 34.1005631)
,6060685591,-117.7103507,34.100545,POINT (-117.7103507 34.100545)
,5257230632,-117.7104069,34.1033114,POINT (-117.7104069 34.1033114)
,5257230634,-117.7108093,34.1031136,POINT (-117.7108093 34.1031136)
,5257230635,-117.7108093,34.1038165,POINT (-117.7108093 34.1038165)
,5257230636,-117.710871,34.1038154,POINT (-117.710871 34.1038154)
,5257230638,-117.7108669,34.1031137,POINT (-117.7108669 34.1031137)
,5257230639,-117.7108723,34.1038954,POINT (-117.7108723 34.1038954)
,5257230641,-117.7110158,34.104404,POINT (-117.7110158 34.104404)
,5257230643,-117.710405,34.1031647,POINT (-117.710405 34.1031647)
,390043986,-117.7115069,34.1053293,POINT (-117.7115069 34.1053293)
,390043987,-117.7108751,34.1053277,POINT (-117.7108751 34.1053277)
,390043988,-117.7100292,34.1053157,POINT (-117.7100292 34.1053157)
,390043989,-117.7093148,34.1053079,POINT (-117.7093148 34.1053079)
,390043994,-117.7081403,34.1049402,POINT (-117.7081403 34.1049402)
,5366824701,-117.7076259,34.1046468,POINT (-117.7076259 34.1046468)
,660558174,-117.7081072,34.103225,POINT (-117.7081072 34.103225)
,660558175,-117.7071052,34.1032337,POINT (-117.7071052 34.1032337)
,390043999,-117.7071498,34.1046871,POINT (-117.7071498 34.1046871)
,660558177,-117.7081306,34.1025613,POINT (-117.7081306 34.1025613)
,5257214322,-117.7093375,34.1038068,POINT (-117.7093375 34.1038068)
,5257214323,-117.7106893,34.1045262,POINT (-117.7106893 34.1045262)
,5257214325,-117.7106893,34.1044387,POINT (-117.7106893 34.1044387)
,5366824702,-117.7076232,34.104463,POINT (-117.7076232 34.104463)
,5257214329,-117.7106585,34.1043731,POINT (-117.7106585 34.1043731)
,5257214334,-117.7106316,34.1044398,POINT (-117.7106316 34.1044398)
,5257214335,-117.7106316,34.1045254,POINT (-117.7106316 34.1045254)
,5257214336,-117.7106613,34.103816,POINT (-117.7106613 34.103816)
,5257214337,-117.7114894,34.1026543,POINT (-117.7114894 34.1026543)
,5257214339,-117.71081,34.1033093,POINT (-117.71081 34.1033093)
,5257214341,-117.7095038,34.1032371,POINT (-117.7095038 34.1032371)
stop,123586950,-117.7114799,34.1026228,POINT (-117.7114799 34.1026228)
,5257214342,-117.7093058,34.1032383,POINT (-117.7093058 34.1032383)
,2247762320,-117.7081591,34.1050973,POINT (-117.7081591 34.1050973)
,5368738198,-117.7067517,34.1050476,POINT (-117.7067517 34.1050476)
,5258514839,-117.7061696,34.1037732,POINT (-117.7061696 34.1037732)
,5258514840,-117.7061784,34.1033976,POINT (-117.7061784 34.1033976)
,5258514841,-117.706625,34.1033999,POINT (-117.706625 34.1033999)
,5258514842,-117.7064875,34.1033992,POINT (-117.7064875 34.1033992)
,5258514843,-117.7065445,34.1037747,POINT (-117.7065445 34.1037747)
,5368738204,-117.7070674,34.1049489,POINT (-117.7070674 34.1049489)
,5258514844,-117.706627,34.103775,POINT (-117.706627 34.103775)
,390044062,-117.7080578,34.1050319,POINT (-117.7080578 34.1050319)
,5258514846,-117.7059443,34.1029918,POINT (-117.7059443 34.1029918)
,660558244,-117.7128746,34.100786,POINT (-117.7128746 34.100786)
,5258514852,-117.7058116,34.1031539,POINT (-117.7058116 34.1031539)
,5258514858,-117.7057941,34.103366,POINT (-117.7057941 34.103366)
,2247762347,-117.7125478,34.1055069,POINT (-117.7125478 34.1055069)
,5258514859,-117.7057948,34.1034526,POINT (-117.7057948 34.1034526)
,5366824704,-117.7075125,34.1045241,POINT (-117.7075125 34.1045241)
,2247762350,-117.7071645,34.1055588,POINT (-117.7071645 34.1055588)
,3695878577,-117.7142892,34.1036977,POINT (-117.7142892 34.1036977)
,3695878578,-117.7142941,34.1043997,POINT (-117.7142941 34.1043997)
,5258514865,-117.705833,34.1036592,POINT (-117.705833 34.1036592)
,2396821941,-117.7119722,34.1084511,POINT (-117.7119722 34.1084511)
,5258514869,-117.7058806,34.1037721,POINT (-117.7058806 34.1037721)
,2247762359,-117.7079228,34.1056821,POINT (-117.7079228 34.1056821)
,5258514874,-117.7053254,34.1034737,POINT (-117.7053254 34.1034737)
,5258514875,-117.7054609,34.1033888,POINT (-117.7054609 34.1033888)
,5258514878,-117.7056982,34.1033926,POINT (-117.7056982 34.1033926)
,5258514883,-117.7053107,34.1033288,POINT (-117.7053107 34.1033288)
,5258514886,-117.7060134,34.1029914,POINT (-117.7060134 34.1029914)
,2247762374,-117.7076907,34.1057224,POINT (-117.7076907 34.1057224)
,2247762377,-117.7078482,34.1059223,POINT (-117.7078482 34.1059223)
,2247762378,-117.7079314,34.1059377,POINT (-117.7079314 34.1059377)
,5258514892,-117.7061415,34.1030978,POINT (-117.7061415 34.1030978)
,2247762380,-117.7083643,34.1059431,POINT (-117.7083643 34.1059431)
,5258514894,-117.7061247,34.1031461,POINT (-117.7061247 34.1031461)
,2247762382,-117.7085851,34.1059448,POINT (-117.7085851 34.1059448)
,2247762384,-117.7088008,34.1059475,POINT (-117.7088008 34.1059475)
,5368746449,-117.7101091,34.1038132,POINT (-117.7101091 34.1038132)
,5258514898,-117.7062012,34.1029903,POINT (-117.7062012 34.1029903)
,5258514899,-117.7059397,34.1025672,POINT (-117.7059397 34.1025672)
,2247762386,-117.7090525,34.1059483,POINT (-117.7090525 34.1059483)
,2247762388,-117.7091626,34.1059489,POINT (-117.7091626 34.1059489)
,2247762390,-117.709414,34.1059417,POINT (-117.709414 34.1059417)
,5258514900,-117.7053185,34.1034061,POINT (-117.7053185 34.1034061)
,2247762392,-117.7098177,34.1059521,POINT (-117.7098177 34.1059521)
,5258514903,-117.7049995,34.1034548,POINT (-117.7049995 34.1034548)
,2247762394,-117.7102209,34.1059562,POINT (-117.7102209 34.1059562)
,5258514906,-117.7048735,34.1035625,POINT (-117.7048735 34.1035625)
,2247762396,-117.708364,34.1061618,POINT (-117.708364 34.1061618)
,2247762398,-117.7085847,34.1061645,POINT (-117.7085847 34.1061645)
,5258514911,-117.7045047,34.1037158,POINT (-117.7045047 34.1037158)
,2247762400,-117.7087938,34.1061671,POINT (-117.7087938 34.1061671)
,5258514912,-117.7053275,34.1037919,POINT (-117.7053275 34.1037919)
,2247762402,-117.7090477,34.1061703,POINT (-117.7090477 34.1061703)
,5258514915,-117.7045013,34.1037819,POINT (-117.7045013 34.1037819)
,5265123812,-117.7128049,34.110425,POINT (-117.7128049 34.110425)
,2247762404,-117.709157,34.1061716,POINT (-117.709157 34.1061716)
,2247762406,-117.7097223,34.1061906,POINT (-117.7097223 34.1061906)
,5366824955,-117.7047471,34.1051315,POINT (-117.7047471 34.1051315)
,2247762408,-117.7098082,34.1061941,POINT (-117.7098082 34.1061941)
,5265123813,-117.7127994,34.1095731,POINT (-117.7127994 34.1095731)
,2247762410,-117.7099188,34.1061923,POINT (-117.7099188 34.1061923)
,5258514916,-117.7048674,34.1037869,POINT (-117.7048674 34.1037869)
,5258514921,-117.7048218,34.1033688,POINT (-117.7048218 34.1033688)
,5258514928,-117.7048755,34.1029912,POINT (-117.7048755 34.1029912)
traffic_signals,123283953,-117.7131779,34.1071465,POINT (-117.7131779 34.1071465)
,5366824958,-117.7049625,34.1049429,POINT (-117.7049625 34.1049429)
,5258514934,-117.7053163,34.10312,POINT (-117.7053163 34.10312)
,5258514939,-117.7045027,34.1035331,POINT (-117.7045027 34.1035331)
,5258514940,-117.7046167,34.1036652,POINT (-117.7046167 34.1036652)
,5258514943,-117.7046098,34.1035248,POINT (-117.7046098 34.1035248)
,5258514944,-117.7047425,34.1036038,POINT (-117.7047425 34.1036038)
,5258514947,-117.7046663,34.103492,POINT (-117.7046663 34.103492)
,5259526672,-117.7110018,34.1066464,POINT (-117.7110018 34.1066464)
,5035084309,-117.7071615,34.1051532,POINT (-117.7071615 34.1051532)
,5259526677,-117.7124225,34.1062503,POINT (-117.7124225 34.1062503)
,5259526678,-117.7124172,34.1065318,POINT (-117.7124172 34.1065318)
,4617136668,-117.7095578,34.0984703,POINT (-117.7095578 34.0984703)
,5257253421,-117.7102742,34.1021086,POINT (-117.7102742 34.1021086)
,5257253423,-117.710675,34.1022195,POINT (-117.710675 34.1022195)
,5257253424,-117.7106774,34.1019979,POINT (-117.7106774 34.1019979)
,5257253425,-117.7103629,34.1019955,POINT (-117.7103629 34.1019955)
,5257253426,-117.7103607,34.1021919,POINT (-117.7103607 34.1021919)
,5257253427,-117.7103625,34.1020331,POINT (-117.7103625 34.1020331)
,5257253430,-117.7099094,34.102103,POINT (-117.7099094 34.102103)
,5257253432,-117.710136,34.1022985,POINT (-117.710136 34.1022985)
,5257253435,-117.7088767,34.1022596,POINT (-117.7088767 34.1022596)
,5257253436,-117.7081418,34.102156,POINT (-117.7081418 34.102156)
,5257253437,-117.7081431,34.102009,POINT (-117.7081431 34.102009)
,5257253441,-117.7073785,34.1021212,POINT (-117.7073785 34.1021212)
,5257253442,-117.7073787,34.1021048,POINT (-117.7073787 34.1021048)
,5257253443,-117.7071672,34.1021017,POINT (-117.7071672 34.1021017)
,5257253444,-117.7079353,34.1020087,POINT (-117.7079353 34.1020087)
,5257253445,-117.7079339,34.1021544,POINT (-117.7079339 34.1021544)
,122886735,-117.7149219,34.1006511,POINT (-117.7149219 34.1006511)
,122886737,-117.7126318,34.1007874,POINT (-117.7126318 34.1007874)
,5257009758,-117.7115232,34.1062388,POINT (-117.7115232 34.1062388)
,5257009759,-117.7125747,34.1062522,POINT (-117.7125747 34.1062522)
,5257009760,-117.7125747,34.1059368,POINT (-117.7125747 34.1059368)
,1337903715,-117.7123259,34.1067589,POINT (-117.7123259 34.1067589)
,1337872379,-117.7071393,34.1066905,POINT (-117.7071393 34.1066905)
,123568747,-117.7093628,34.0996617,POINT (-117.7093628 34.0996617)
,1337903727,-117.7124106,34.1067572,POINT (-117.7124106 34.1067572)
,4789170820,-117.710464,34.1059574,POINT (-117.710464 34.1059574)
,4789174917,-117.7056423,34.1064767,POINT (-117.7056423 34.1064767)
,123568800,-117.7093367,34.1046379,POINT (-117.7093367 34.1046379)
,122620587,-117.7149214,34.0976219,POINT (-117.7149214 34.0976219)
,122620588,-117.7125923,34.0976212,POINT (-117.7125923 34.0976212)
,123568815,-117.7093168,34.1037155,POINT (-117.7093168 34.1037155)
,4789172921,-117.7104763,34.1054447,POINT (-117.7104763 34.1054447)
,4602674428,-117.705485,34.1046747,POINT (-117.705485 34.1046747)
,5368525533,-117.7064271,34.1049787,POINT (-117.7064271 34.1049787)
,5368525537,-117.7067529,34.1051464,POINT (-117.7067529 34.1051464)
,5368525542,-117.7066497,34.1049787,POINT (-117.7066497 34.1049787)
,5368525546,-117.706537,34.1048898,POINT (-117.706537 34.1048898)
,4688673516,-117.7032058,34.0987801,POINT (-117.7032058 34.0987801)
,5368525548,-117.706478,34.1049787,POINT (-117.706478 34.1049787)
,390038259,-117.711203,34.0976092,POINT (-117.711203 34.0976092)
,5368525556,-117.7058874,34.1049763,POINT (-117.7058874 34.1049763)
,5368525557,-117.7058839,34.1050264,POINT (-117.7058839 34.1050264)
,5368525558,-117.7059896,34.102471,POINT (-117.7059896 34.102471)
,5368525563,-117.7058115,34.102454,POINT (-117.7058115 34.102454)
,5368525565,-117.7072384,34.1002958,POINT (-117.7072384 34.1002958)
,5368525566,-117.7070848,34.1002969,POINT (-117.7070848 34.1002969)
,5368525567,-117.7075589,34.1000526,POINT (-117.7075589 34.1000526)
,5368525570,-117.7081909,34.1005447,POINT (-117.7081909 34.1005447)
,5368525572,-117.7078623,34.1002316,POINT (-117.7078623 34.1002316)
,5368525573,-117.7092385,34.1006315,POINT (-117.7092385 34.1006315)
,5368525581,-117.7092329,34.0996567,POINT (-117.7092329 34.0996567)
,5368525588,-117.7092144,34.0987092,POINT (-117.7092144 34.0987092)
,5368525590,-117.7083091,34.0987081,POINT (-117.7083091 34.0987081)
,5368525591,-117.7089971,34.0987086,POINT (-117.7089971 34.0987086)
,5365357336,-117.7065481,34.106084,POINT (-117.7065481 34.106084)
,5368525593,-117.7089931,34.0985638,POINT (-117.7089931 34.0985638)
,5365357347,-117.7065079,34.1065913,POINT (-117.7065079 34.1065913)
,5365357353,-117.7058803,34.1066379,POINT (-117.7058803 34.1066379)
,5365357354,-117.7070752,34.1065979,POINT (-117.7070752 34.1065979)
,5365357355,-117.7056826,34.1062473,POINT (-117.7056826 34.1062473)
,5365357360,-117.7056362,34.1063831,POINT (-117.7056362 34.1063831)
,1588726578,-117.7150732,34.0986504,POINT (-117.7150732 34.0986504)
,5365357369,-117.7055665,34.1052088,POINT (-117.7055665 34.1052088)
,5707795268,-117.7105855,34.1060839,POINT (-117.7105855 34.1060839)
,5707795269,-117.7109466,34.1061394,POINT (-117.7109466 34.1061394)
,5707795270,-117.7111062,34.1061405,POINT (-117.7111062 34.1061405)
,5707795271,-117.7112734,34.1061416,POINT (-117.7112734 34.1061416)
,5707795272,-117.713187,34.0984191,POINT (-117.713187 34.0984191)
,5365357382,-117.7048275,34.104468,POINT (-117.7048275 34.104468)
,5365357388,-117.7047215,34.1045547,POINT (-117.7047215 34.1045547)
,5365357393,-117.7045626,34.104518,POINT (-117.7045626 34.104518)
,5365357394,-117.7045606,34.1044675,POINT (-117.7045606 34.1044675)
,390040404,-117.7124401,34.1053941,POINT (-117.7124401 34.1053941)
,390040406,-117.7085964,34.1053325,POINT (-117.7085964 34.1053325)
,123442008,-117.715675,34.0956442,POINT (-117.715675 34.0956442)
,123442009,-117.7156721,34.0966477,POINT (-117.7156721 34.0966477)
,122960732,-117.7149134,34.0956496,POINT (-117.7149134 34.0956496)
,5365357405,-117.7047356,34.1046191,POINT (-117.7047356 34.1046191)
,5365357404,-117.7045499,34.1047396,POINT (-117.7045499 34.1047396)
stop,122960735,-117.7149162,34.0966442,POINT (-117.7149162 34.0966442)
,5365357410,-117.704631,34.1047529,POINT (-117.704631 34.1047529)
,122960740,-117.7149283,34.1016339,POINT (-117.7149283 34.1016339)
,122960742,-117.7149333,34.1026197,POINT (-117.7149333 34.1026197)
,5365357417,-117.7034363,34.1042156,POINT (-117.7034363 34.1042156)
,5365357418,-117.7059423,34.1028116,POINT (-117.7059423 34.1028116)
,5259492221,-117.7098828,34.0996615,POINT (-117.7098828 34.0996615)
,5259492228,-117.7097752,34.0987325,POINT (-117.7097752 34.0987325)
,5259492237,-117.7113396,34.0983438,POINT (-117.7113396 34.0983438)
,5259492249,-117.7113651,34.0980407,POINT (-117.7113651 34.0980407)
,5366823842,-117.7063775,34.1058236,POINT (-117.7063775 34.1058236)
,5366823843,-117.7061707,34.1056787,POINT (-117.7061707 34.1056787)
,5259492261,-117.7112189,34.099661,POINT (-117.7112189 34.099661)
,122942383,-117.7127003,34.0966376,POINT (-117.7127003 34.0966376)
,5366823856,-117.7061867,34.1042006,POINT (-117.7061867 34.1042006)
,5366823857,-117.7061891,34.1045755,POINT (-117.7061891 34.1045755)
,5366823858,-117.7061835,34.1040196,POINT (-117.7061835 34.1040196)
,5366823859,-117.7063525,34.1041992,POINT (-117.7063525 34.1041992)
,122989492,-117.7131923,34.1044037,POINT (-117.7131923 34.1044037)
stop,122942389,-117.7126288,34.0996605,POINT (-117.7126288 34.0996605)
,122989494,-117.711504,34.1043973,POINT (-117.711504 34.1043973)
,5366823862,-117.7064675,34.1029888,POINT (-117.7064675 34.1029888)
,5366823861,-117.70627,34.1038233,POINT (-117.70627 34.1038233)
,5366823867,-117.7071401,34.1008227,POINT (-117.7071401 34.1008227)
,5366823868,-117.7070223,34.1007462,POINT (-117.7070223 34.1007462)
,5259492285,-117.7114321,34.0977414,POINT (-117.7114321 34.0977414)
,5259492286,-117.7115495,34.0977414,POINT (-117.7115495 34.0977414)
,5259492287,-117.7113899,34.0976703,POINT (-117.7113899 34.0976703)
,5259492288,-117.7112953,34.0977403,POINT (-117.7112953 34.0977403)
,5259492290,-117.7094741,34.0987059,POINT (-117.7094741 34.0987059)
,5259492291,-117.7094741,34.0987969,POINT (-117.7094741 34.0987969)
,5259492292,-117.7094741,34.0983516,POINT (-117.7094741 34.0983516)
,5366823877,-117.7071407,34.100578,POINT (-117.7071407 34.100578)
,5366823876,-117.7068547,34.1005773,POINT (-117.7068547 34.1005773)
stop,122942405,-117.7114772,34.1016211,POINT (-117.7114772 34.1016211)
,5366823880,-117.7070269,34.1005777,POINT (-117.7070269 34.1005777)
,5366823881,-117.7066394,34.1005779,POINT (-117.7066394 34.1005779)
,5366823882,-117.7067263,34.1005777,POINT (-117.7067263 34.1005777)
,5366823883,-117.7067247,34.100846,POINT (-117.7067247 34.100846)
,5366823884,-117.70714,34.100846,POINT (-117.70714 34.100846)
,5366823885,-117.7070038,34.100846,POINT (-117.7070038 34.100846)
,5366823887,-117.7068993,34.1011227,POINT (-117.7068993 34.1011227)
,5366823888,-117.7070033,34.1010098,POINT (-117.7070033 34.1010098)
,5366823889,-117.7069631,34.1010105,POINT (-117.7069631 34.1010105)
,5366823891,-117.7055466,34.1008341,POINT (-117.7055466 34.1008341)
,5366823892,-117.7058584,34.100745,POINT (-117.7058584 34.100745)
,5366823893,-117.70586,34.1006295,POINT (-117.70586 34.1006295)
,5365357523,-117.7062045,34.1028959,POINT (-117.7062045 34.1028959)
,5365357526,-117.7063694,34.1028993,POINT (-117.7063694 34.1028993)
,5365357531,-117.706588,34.1027849,POINT (-117.706588 34.1027849)
,5365357532,-117.706069,34.1029911,POINT (-117.706069 34.1029911)
,5366823907,-117.7061045,34.09984,POINT (-117.7061045 34.09984)
,5366823909,-117.7070798,34.0999114,POINT (-117.7070798 34.0999114)
,5366823912,-117.7072698,34.1004434,POINT (-117.7072698 34.1004434)
,5366823915,-117.7080402,34.1004796,POINT (-117.7080402 34.1004796)
,5366823917,-117.7080809,34.1006005,POINT (-117.7080809 34.1006005)
,5366823918,-117.7080781,34.1009601,POINT (-117.7080781 34.1009601)
stop,390038554,-117.7110891,34.0966474,POINT (-117.7110891 34.0966474)
,390036548,-117.7089992,34.1025571,POINT (-117.7089992 34.1025571)
,6062834783,-117.7037102,34.1025076,POINT (-117.7037102 34.1025076)
,6062834784,-117.7037042,34.1025897,POINT (-117.7037042 34.1025897)
,122977382,-117.7156665,34.0946863,POINT (-117.7156665 34.0946863)
,390036637,-117.7071409,34.1005306,POINT (-117.7071409 34.1005306)
,5366824689,-117.7087068,34.1048436,POINT (-117.7087068 34.1048436)
,122627266,-117.7070335,34.0962098,POINT (-117.7070335 34.0962098)
,390036688,-117.7072023,34.1025643,POINT (-117.7072023 34.1025643)
,6062847185,-117.7036999,34.1034837,POINT (-117.7036999 34.1034837)
,5366824696,-117.7079618,34.1041465,POINT (-117.7079618 34.1041465)
,6062847190,-117.7037034,34.1027622,POINT (-117.7037034 34.1027622)
,4829437156,-117.7058913,34.1060701,POINT (-117.7058913 34.1060701)
,4829437157,-117.7057934,34.1062495,POINT (-117.7057934 34.1062495)
,5152734438,-117.7138424,34.0990866,POINT (-117.7138424 34.0990866)
,5152734439,-117.7138326,34.0976246,POINT (-117.7138326 34.0976246)
,4829437159,-117.7057836,34.1066725,POINT (-117.7057836 34.1066725)
,5152734441,-117.7148017,34.0984214,POINT (-117.7148017 34.0984214)
,5152734442,-117.7147999,34.0976222,POINT (-117.7147999 34.0976222)
,5152734443,-117.7148126,34.0995723,POINT (-117.7148126 34.0995723)
,1594215659,-117.7111066,34.0957254,POINT (-117.7111066 34.0957254)
,122612973,-117.7149301,34.1033693,POINT (-117.7149301 34.1033693)
,5152734444,-117.7138379,34.098418,POINT (-117.7138379 34.098418)
stop,122612975,-117.713187,34.1033603,POINT (-117.713187 34.1033603)
,5152734446,-117.7144084,34.0976232,POINT (-117.7144084 34.0976232)
,5152734447,-117.7148003,34.0978107,POINT (-117.7148003 34.0978107)
,5152734445,-117.7144168,34.0984201,POINT (-117.7144168 34.0984201)
,5152734449,-117.7138338,34.0978058,POINT (-117.7138338 34.0978058)
stop,122612978,-117.7115009,34.1033717,POINT (-117.7115009 34.1033717)
,5152734451,-117.7131845,34.0976262,POINT (-117.7131845 34.0976262)
,5152734452,-117.7131878,34.0990741,POINT (-117.7131878 34.0990741)
,5152734453,-117.7130166,34.0984194,POINT (-117.7130166 34.0984194)
,5152734450,-117.7131862,34.0978052,POINT (-117.7131862 34.0978052)
,5152734448,-117.7144104,34.0978087,POINT (-117.7144104 34.0978087)
,5152734457,-117.7126295,34.0982528,POINT (-117.7126295 34.0982528)
,5366824703,-117.707249,34.104463,POINT (-117.707249 34.104463)
,5152734460,-117.7126317,34.098575,POINT (-117.7126317 34.098575)
,5152734461,-117.7148039,34.0986545,POINT (-117.7148039 34.0986545)
,5152734462,-117.7138394,34.0986461,POINT (-117.7138394 34.0986461)
,5152734463,-117.7131873,34.098645,POINT (-117.7131873 34.098645)
,5152734464,-117.7126322,34.098645,POINT (-117.7126322 34.098645)
,5152734465,-117.7144172,34.0986511,POINT (-117.7144172 34.0986511)
,4602674432,-117.7055634,34.1049424,POINT (-117.7055634 34.1049424)
,5152734467,-117.7144355,34.0989812,POINT (-117.7144355 34.0989812)
,4602674435,-117.705666,34.1051383,POINT (-117.705666 34.1051383)
,5366824705,-117.7076241,34.1045236,POINT (-117.7076241 34.1045236)
,5366824706,-117.7075441,34.1045524,POINT (-117.7075441 34.1045524)
,5366824707,-117.7075434,34.104524,POINT (-117.7075434 34.104524)
,5366824708,-117.7075441,34.104463,POINT (-117.7075441 34.104463)
,1594215697,-117.7093292,34.101426,POINT (-117.7093292 34.101426)
,5366824710,-117.7074639,34.104463,POINT (-117.7074639 34.104463)
,5366824711,-117.7074631,34.1044058,POINT (-117.7074631 34.1044058)
,5257160033,-117.7112716,34.1062162,POINT (-117.7112716 34.1062162)
,5257160034,-117.7112776,34.1059654,POINT (-117.7112776 34.1059654)
,3701747043,-117.7139111,34.1044011,POINT (-117.7139111 34.1044011)
,5257160036,-117.71111,34.1059628,POINT (-117.71111 34.1059628)
,3701747045,-117.7139119,34.1046199,POINT (-117.7139119 34.1046199)
,5257160038,-117.710947,34.1059608,POINT (-117.710947 34.1059608)
,5257160037,-117.7109464,34.1062111,POINT (-117.7109464 34.1062111)
stop,123250024,-117.7131772,34.1016404,POINT (-117.7131772 34.1016404)
,5257160035,-117.7111047,34.1062136,POINT (-117.7111047 34.1062136)
,3701747050,-117.7139139,34.105172,POINT (-117.7139139 34.105172)
,5257160042,-117.710583,34.1062048,POINT (-117.710583 34.1062048)
,3701747052,-117.7139147,34.1053921,POINT (-117.7139147 34.1053921)
,5257160044,-117.7103443,34.1062003,POINT (-117.7103443 34.1062003)
,5257160046,-117.7079293,34.1055488,POINT (-117.7079293 34.1055488)
,5257160047,-117.7085922,34.1055576,POINT (-117.7085922 34.1055576)
,5257160048,-117.7092464,34.1055633,POINT (-117.7092464 34.1055633)
,5257160043,-117.7105736,34.1067217,POINT (-117.7105736 34.1067217)
,5257160045,-117.7103362,34.1067206,POINT (-117.7103362 34.1067206)
,5257160049,-117.7114995,34.1059302,POINT (-117.7114995 34.1059302)
,5257160050,-117.7115156,34.105611,POINT (-117.7115156 34.105611)
,5257160054,-117.7113748,34.1054911,POINT (-117.7113748 34.1054911)
,5257160058,-117.7116778,34.1055077,POINT (-117.7116778 34.1055077)
,5257160060,-117.7130498,34.1063783,POINT (-117.7130498 34.1063783)
,5257160063,-117.7131061,34.1058342,POINT (-117.7131061 34.1058342)
,5257160067,-117.7113546,34.106355,POINT (-117.7113546 34.106355)
,5257160073,-117.7113922,34.1066193,POINT (-117.7113922 34.1066193)
,3695834506,-117.7030676,34.0987426,POINT (-117.7030676 34.0987426)
,3695834510,-117.7042483,34.0995667,POINT (-117.7042483 34.0995667)
,5257160080,-117.7116403,34.1066992,POINT (-117.7116403 34.1066992)
,5257160084,-117.7115156,34.1065949,POINT (-117.7115156 34.1065949)
,5257160094,-117.7116712,34.1062407,POINT (-117.7116712 34.1062407)
,5257160097,-117.7129174,34.1063765,POINT (-117.7129174 34.1063765)
,5257160098,-117.7129281,34.1058327,POINT (-117.7129281 34.1058327)
,5257160100,-117.7129214,34.1061118,POINT (-117.7129214 34.1061118)
,5257160101,-117.7131031,34.1061107,POINT (-117.7131031 34.1061107)
,5365355987,-117.7104614,34.1060153,POINT (-117.7104614 34.1060153)
,5365355989,-117.7104568,34.1061483,POINT (-117.7104568 34.1061483)
,5365356001,-117.7105447,34.1060838,POINT (-117.7105447 34.1060838)
,5368522214,-117.7091763,34.1059485,POINT (-117.7091763 34.1059485)
,5368522215,-117.7091816,34.1055627,POINT (-117.7091816 34.1055627)
,5365356007,-117.7107549,34.1059589,POINT (-117.7107549 34.1059589)
,5365356009,-117.7105881,34.1059581,POINT (-117.7105881 34.1059581)
,5365356006,-117.7106271,34.106084,POINT (-117.7106271 34.106084)
,5365356011,-117.7104732,34.1055726,POINT (-117.7104732 34.1055726)
,5365356012,-117.7103494,34.1059568,POINT (-117.7103494 34.1059568)
,5368522216,-117.7056252,34.1050402,POINT (-117.7056252 34.1050402)
,5365356014,-117.7103468,34.1060787,POINT (-117.7103468 34.1060787)
,5365356015,-117.7101792,34.1061972,POINT (-117.7101792 34.1061972)
,5365356016,-117.7103849,34.1060793,POINT (-117.7103849 34.1060793)
,5365356008,-117.7104545,34.1062024,POINT (-117.7104545 34.1062024)
,5258511885,-117.7093422,34.1040158,POINT (-117.7093422 34.1040158)
,5258511888,-117.7083806,34.1040724,POINT (-117.7083806 34.1040724)
,5258511889,-117.70838,34.1041158,POINT (-117.70838 34.1041158)
,5258511891,-117.709056,34.1043789,POINT (-117.709056 34.1043789)
stop,122641947,-117.7149249,34.0996602,POINT (-117.7149249 34.0996602)
stop,122641950,-117.716661,34.0996535,POINT (-117.716661 34.0996535)
,123250221,-117.7094831,34.1015891,POINT (-117.7094831 34.1015891)
,5257213508,-117.7100858,34.1053165,POINT (-117.7100858 34.1053165)
,5257213509,-117.7101019,34.1045175,POINT (-117.7101019 34.1045175)
,5257213511,-117.711148,34.1044531,POINT (-117.711148 34.1044531)
,5257213512,-117.7115042,34.1044509,POINT (-117.7115042 34.1044509)
,5257213513,-117.7106599,34.1045258,POINT (-117.7106599 34.1045258)
,5366824522,-117.708184,34.1009621,POINT (-117.708184 34.1009621)
,5257213514,-117.7106598,34.1046552,POINT (-117.7106598 34.1046552)
,5257213516,-117.7101084,34.1038846,POINT (-117.7101084 34.1038846)
,5257213517,-117.7098095,34.1038801,POINT (-117.7098095 34.1038801)
,5366824526,-117.7092031,34.1017622,POINT (-117.7092031 34.1017622)
,5257213519,-117.7094367,34.1037691,POINT (-117.7094367 34.1037691)
,5259501131,-117.7045218,34.1044674,POINT (-117.7045218 34.1044674)
,5366824529,-117.7093179,34.1016638,POINT (-117.7093179 34.1016638)
,5366824531,-117.7088767,34.1021835,POINT (-117.7088767 34.1021835)
,5366824532,-117.7091822,34.1021868,POINT (-117.7091822 34.1021868)
,5366824534,-117.7091916,34.1022934,POINT (-117.7091916 34.1022934)
,5366824535,-117.7091833,34.1020964,POINT (-117.7091833 34.1020964)
,5366824537,-117.7080391,34.1022483,POINT (-117.7080391 34.1022483)
,5366824538,-117.7079101,34.1022471,POINT (-117.7079101 34.1022471)
,5366824539,-117.7079334,34.1023585,POINT (-117.7079334 34.1023585)
,5366824540,-117.7080365,34.1023592,POINT (-117.7080365 34.1023592)
,5366824541,-117.7081633,34.1023665,POINT (-117.7081633 34.1023665)
,5366824542,-117.7080364,34.1023652,POINT (-117.7080364 34.1023652)
,5366824543,-117.710378,34.1025088,POINT (-117.710378 34.1025088)
,5366824544,-117.710382,34.1022173,POINT (-117.710382 34.1022173)
,5366824545,-117.7131822,34.1026308,POINT (-117.7131822 34.1026308)
,5366824556,-117.7126996,34.1029002,POINT (-117.7126996 34.1029002)
,5366824557,-117.7126987,34.1025802,POINT (-117.7126987 34.1025802)
,5366824558,-117.7126142,34.1029002,POINT (-117.7126142 34.1029002)
,5366824559,-117.7126118,34.1025817,POINT (-117.7126118 34.1025817)
,5366824560,-117.7125815,34.1029226,POINT (-117.7125815 34.1029226)
,5366824561,-117.7125792,34.1030085,POINT (-117.7125792 34.1030085)
,5366824562,-117.7126134,34.1030355,POINT (-117.7126134 34.1030355)
,123418227,-117.7070073,34.0950044,POINT (-117.7070073 34.0950044)
,5366824564,-117.7127323,34.1030091,POINT (-117.7127323 34.1030091)
,123418228,-117.7070622,34.0978787,POINT (-117.7070622 34.0978787)
,123418229,-117.7070757,34.0996156,POINT (-117.7070757 34.0996156)
,5366824563,-117.7127004,34.1030369,POINT (-117.7127004 34.1030369)
,123418231,-117.7070998,34.102645,POINT (-117.7070998 34.102645)
,5366824569,-117.7121792,34.1030086,POINT (-117.7121792 34.1030086)
,5366824565,-117.7127354,34.1029226,POINT (-117.7127354 34.1029226)
,5366824570,-117.7131089,34.1030104,POINT (-117.7131089 34.1030104)
,5366824572,-117.7126559,34.1031664,POINT (-117.7126559 34.1031664)
,5366824573,-117.7126551,34.1033639,POINT (-117.7126551 34.1033639)
,5366824574,-117.7123224,34.1025643,POINT (-117.7123224 34.1025643)
,5366824571,-117.7131108,34.1029224,POINT (-117.7131108 34.1029224)
,123211391,-117.7131891,34.1061861,POINT (-117.7131891 34.1061861)
,123211393,-117.7142746,34.1061865,POINT (-117.7142746 34.1061865)
stop,647061122,-117.7127043,34.0976274,POINT (-117.7127043 34.0976274)
,123211395,-117.714277,34.1053912,POINT (-117.714277 34.1053912)
,5366824581,-117.7118198,34.1025109,POINT (-117.7118198 34.1025109)
,5366824584,-117.7116074,34.1025659,POINT (-117.7116074 34.1025659)
,5366824585,-117.7118198,34.1026711,POINT (-117.7118198 34.1026711)
,5366824587,-117.7116772,34.1028979,POINT (-117.7116772 34.1028979)
,5366824589,-117.7115783,34.1027817,POINT (-117.7115783 34.1027817)
,5366824591,-117.7116149,34.1025629,POINT (-117.7116149 34.1025629)
,5366824592,-117.7123226,34.1022344,POINT (-117.7123226 34.1022344)
stop,123543185,-117.7165351,34.0986414,POINT (-117.7165351 34.0986414)
,5259515539,-117.7093173,34.1065603,POINT (-117.7093173 34.1065603)
,5259515540,-117.7072265,34.106151,POINT (-117.7072265 34.106151)
,5366824597,-117.7091387,34.1011539,POINT (-117.7091387 34.1011539)
,5259515541,-117.7079306,34.1065456,POINT (-117.7079306 34.1065456)
,5259515542,-117.7079307,34.1061574,POINT (-117.7079307 34.1061574)
,5259515544,-117.7085154,34.1061636,POINT (-117.7085154 34.1061636)
,5259515543,-117.7085113,34.1065518,POINT (-117.7085113 34.1065518)
,5259515546,-117.7086521,34.1061654,POINT (-117.7086521 34.1061654)
,5259515545,-117.7086454,34.1065532,POINT (-117.7086454 34.1065532)
,1337904796,-117.7108741,34.1054489,POINT (-117.7108741 34.1054489)
,5366824605,-117.7080662,34.1013728,POINT (-117.7080662 34.1013728)
,5366824606,-117.7068758,34.1021086,POINT (-117.7068758 34.1021086)
,5366824607,-117.7071663,34.1021114,POINT (-117.7071663 34.1021114)
,5259515547,-117.7091752,34.1065588,POINT (-117.7091752 34.1065588)
,5366824609,-117.7071605,34.1020364,POINT (-117.7071605 34.1020364)
,5366824610,-117.7072081,34.1023477,POINT (-117.7072081 34.1023477)
,5259515549,-117.7092127,34.1067171,POINT (-117.7092127 34.1067171)
,1337904804,-117.7100281,34.1054408,POINT (-117.7100281 34.1054408)
,5259515548,-117.709182,34.1061719,POINT (-117.709182 34.1061719)
,5366824618,-117.7070249,34.102343,POINT (-117.7070249 34.102343)
,5366824619,-117.707023,34.1025075,POINT (-117.707023 34.1025075)
,1634483882,-117.7125509,34.1053941,POINT (-117.7125509 34.1053941)
,5366824621,-117.7072992,34.1021045,POINT (-117.7072992 34.1021045)
,5366824622,-117.7072969,34.1022716,POINT (-117.7072969 34.1022716)
,5366824623,-117.7072976,34.102227,POINT (-117.7072976 34.102227)
,5366824624,-117.707379,34.1020479,POINT (-117.707379 34.1020479)
,5366824625,-117.70791,34.1019285,POINT (-117.70791 34.1019285)
,5366824626,-117.7079463,34.1020087,POINT (-117.7079463 34.1020087)
,5366824627,-117.7079264,34.101916,POINT (-117.7079264 34.101916)
,5366824628,-117.7080467,34.1019163,POINT (-117.7080467 34.1019163)
,5366824629,-117.7081812,34.1019163,POINT (-117.7081812 34.1019163)
,5366824630,-117.7081987,34.1019275,POINT (-117.7081987 34.1019275)
,5366824631,-117.70815,34.102009,POINT (-117.70815 34.102009)
,5366824632,-117.7087577,34.102139,POINT (-117.7087577 34.102139)
,5366824633,-117.7087601,34.1020396,POINT (-117.7087601 34.1020396)
,5366824637,-117.7100291,34.1021048,POINT (-117.7100291 34.1021048)
,5366824638,-117.7098832,34.1018913,POINT (-117.7098832 34.1018913)
,5366824639,-117.7098776,34.1021025,POINT (-117.7098776 34.1021025)
,5366824640,-117.7093076,34.1033153,POINT (-117.7093076 34.1033153)
,5366824641,-117.7089876,34.1033152,POINT (-117.7089876 34.1033152)
,5366824646,-117.7089838,34.1031626,POINT (-117.7089838 34.1031626)
,5366824647,-117.7093041,34.1031631,POINT (-117.7093041 34.1031631)
,5366824650,-117.7088512,34.1041158,POINT (-117.7088512 34.1041158)
,5366824651,-117.7088512,34.1042512,POINT (-117.7088512 34.1042512)
,5366824652,-117.7083792,34.1041751,POINT (-117.7083792 34.1041751)
,5366824653,-117.7088512,34.1041806,POINT (-117.7088512 34.1041806)
,5366824654,-117.7090574,34.1042405,POINT (-117.7090574 34.1042405)
,5366824658,-117.7093838,34.1041527,POINT (-117.7093838 34.1041527)
,5366824665,-117.7101054,34.1041779,POINT (-117.7101054 34.1041779)
,5366824666,-117.7093849,34.1040428,POINT (-117.7093849 34.1040428)
,5366824667,-117.7101078,34.1039468,POINT (-117.7101078 34.1039468)
,5366824672,-117.7098095,34.1040284,POINT (-117.7098095 34.1040284)
,5366824673,-117.7110136,34.1045287,POINT (-117.7110136 34.1045287)
,5366824674,-117.7099576,34.1046227,POINT (-117.7099576 34.1046227)
,5366824675,-117.7100998,34.1046241,POINT (-117.7100998 34.1046241)
,5366824676,-117.7090568,34.1043028,POINT (-117.7090568 34.1043028)
,5366824677,-117.7094344,34.1043011,POINT (-117.7094344 34.1043011)
,5366824678,-117.7094344,34.1041524,POINT (-117.7094344 34.1041524)
,5366824680,-117.7094247,34.1045066,POINT (-117.7094247 34.1045066)
,5366824681,-117.7094327,34.1043321,POINT (-117.7094327 34.1043321)
,5366824682,-117.709475,34.1043324,POINT (-117.709475 34.1043324)
,5366824686,-117.7084269,34.1048991,POINT (-117.7084269 34.1048991)
,5366824687,-117.708407,34.1047954,POINT (-117.708407 34.1047954)
stop,123361009,-117.71319,34.1053938,POINT (-117.71319 34.1053938)
,5366824690,-117.7084189,34.10489,POINT (-117.7084189 34.10489)
,5366824691,-117.7082797,34.1050262,POINT (-117.7082797 34.1050262)
,5366824692,-117.7083824,34.1042537,POINT (-117.7083824 34.1042537)
,123361012,-117.7115089,34.1054549,POINT (-117.7115089 34.1054549)
,5366824694,-117.7082924,34.1044053,POINT (-117.7082924 34.1044053)
,5366824695,-117.7083886,34.1044048,POINT (-117.7083886 34.1044048)
,5257252600,-117.7080319,34.1025617,POINT (-117.7080319 34.1025617)
,123361014,-117.709312,34.1054354,POINT (-117.709312 34.1054354)
,5257252602,-117.7085736,34.1015189,POINT (-117.7085736 34.1015189)
,5257252603,-117.7080412,34.1021552,POINT (-117.7080412 34.1021552)
,123361018,-117.7071571,34.104821,POINT (-117.7071571 34.104821)
,5257252605,-117.7084825,34.1020231,POINT (-117.7084825 34.1020231)
,5366824698,-117.7083918,34.104483,POINT (-117.7083918 34.104483)
,5257252607,-117.7080446,34.1020087,POINT (-117.7080446 34.1020087)
,5366824699,-117.7079629,34.1044064,POINT (-117.7079629 34.1044064)
,5257252609,-117.7088767,34.1021397,POINT (-117.7088767 34.1021397)
,5257252610,-117.7090189,34.1018277,POINT (-117.7090189 34.1018277)
,5257252611,-117.709149,34.1020431,POINT (-117.709149 34.1020431)
,5257252612,-117.709149,34.1020964,POINT (-117.709149 34.1020964)
,5257252613,-117.7088781,34.1020942,POINT (-117.7088781 34.1020942)
,5257252608,-117.7084847,34.1021375,POINT (-117.7084847 34.1021375)
,5257252615,-117.708862,34.102042,POINT (-117.708862 34.102042)
,5366824709,-117.7079631,34.1044597,POINT (-117.7079631 34.1044597)
,5257252617,-117.7092268,34.1020964,POINT (-117.7092268 34.1020964)
,5366824712,-117.7077135,34.1044621,POINT (-117.7077135 34.1044621)
,5366824713,-117.7077127,34.1044039,POINT (-117.7077127 34.1044039)
,5257252620,-117.70955,34.1020975,POINT (-117.70955 34.1020975)
,1634823949,-117.707156,34.1059136,POINT (-117.707156 34.1059136)
,5366824714,-117.7036505,34.1056433,POINT (-117.7036505 34.1056433)
,5366824717,-117.7036213,34.1058148,POINT (-117.7036213 34.1058148)
,5366824719,-117.7035942,34.1058967,POINT (-117.7035942 34.1058967)
,1634823953,-117.7071518,34.10615,POINT (-117.7071518 34.10615)
,5366824718,-117.703581,34.1059366,POINT (-117.703581 34.1059366)
,5366824722,-117.703722,34.1059972,POINT (-117.703722 34.1059972)
,1634823951,-117.71143,34.1062187,POINT (-117.71143 34.1062187)
,5366824729,-117.7036207,34.1062587,POINT (-117.7036207 34.1062587)
,2472965914,-117.7030888,34.0995394,POINT (-117.7030888 34.0995394)
,5366824731,-117.7037332,34.1062329,POINT (-117.7037332 34.1062329)
,5366824737,-117.7033743,34.1062758,POINT (-117.7033743 34.1062758)
,1634823989,-117.7114303,34.1059668,POINT (-117.7114303 34.1059668)
,5366824768,-117.7038376,34.1064891,POINT (-117.7038376 34.1064891)
,5366824785,-117.7041099,34.106516,POINT (-117.7041099 34.106516)
turning_circle,390037332,-117.71336,34.1006433,POINT (-117.71336 34.1006433)
,5366824792,-117.7041706,34.10652,POINT (-117.7041706 34.10652)
stop,123012954,-117.7166745,34.1006438,POINT (-117.7166745 34.1006438)
,123428698,-117.7131832,34.1026172,POINT (-117.7131832 34.1026172)
,5366824796,-117.704348,34.1065455,POINT (-117.704348 34.1065455)
,5258514274,-117.7035927,34.1058095,POINT (-117.7035927 34.1058095)
,3695841127,-117.7037826,34.0995576,POINT (-117.7037826 34.0995576)
,3695841136,-117.7033244,34.1012013,POINT (-117.7033244 34.1012013)
,5258514295,-117.7031166,34.1053609,POINT (-117.7031166 34.1053609)
,5258514296,-117.7033379,34.1053576,POINT (-117.7033379 34.1053576)
,5258514297,-117.7044387,34.1049434,POINT (-117.7044387 34.1049434)
,5258514298,-117.7053115,34.1044688,POINT (-117.7053115 34.1044688)
,5258514305,-117.7053154,34.1048157,POINT (-117.7053154 34.1048157)
,5258514308,-117.7053462,34.1048435,POINT (-117.7053462 34.1048435)
,5258514310,-117.7053194,34.1048651,POINT (-117.7053194 34.1048651)
,5258514311,-117.7053194,34.1049426,POINT (-117.7053194 34.1049426)
,5258514312,-117.7054799,34.104844,POINT (-117.7054799 34.104844)
,4803161994,-117.7071558,34.1058332,POINT (-117.7071558 34.1058332)
,4803161995,-117.7058947,34.1058177,POINT (-117.7058947 34.1058177)
,4803161997,-117.7066766,34.1060867,POINT (-117.7066766 34.1060867)
,5258514317,-117.7052918,34.1048373,POINT (-117.7052918 34.1048373)
,5258514319,-117.7056654,34.1037712,POINT (-117.7056654 34.1037712)
,5258514320,-117.7056654,34.1038357,POINT (-117.7056654 34.1038357)
,5258514318,-117.7052382,34.1048368,POINT (-117.7052382 34.1048368)
,4803162006,-117.7069553,34.1061018,POINT (-117.7069553 34.1061018)
,4803162007,-117.7071537,34.1061004,POINT (-117.7071537 34.1061004)
,4803162010,-117.7055376,34.105752,POINT (-117.7055376 34.105752)
,4803162011,-117.7070158,34.1055416,POINT (-117.7070158 34.1055416)
,4803162012,-117.7065353,34.1055396,POINT (-117.7065353 34.1055396)
,4803162013,-117.7063801,34.105539,POINT (-117.7063801 34.105539)
,4803162014,-117.7063847,34.1051402,POINT (-117.7063847 34.1051402)
,4803162015,-117.7058432,34.1053319,POINT (-117.7058432 34.1053319)
,4803162016,-117.705844,34.1051388,POINT (-117.705844 34.1051388)
,5368543154,-117.7126202,34.0953715,POINT (-117.7126202 34.0953715)
,5368543156,-117.7129554,34.0956497,POINT (-117.7129554 34.0956497)
,5368543157,-117.7131553,34.0958113,POINT (-117.7131553 34.0958113)
,5368543167,-117.7131418,34.0965576,POINT (-117.7131418 34.0965576)
,5368543168,-117.7132183,34.0956488,POINT (-117.7132183 34.0956488)
,5368543169,-117.7132165,34.0958796,POINT (-117.7132165 34.0958796)
,5368543170,-117.7129903,34.0958535,POINT (-117.7129903 34.0958535)
,5368543171,-117.7129884,34.0956764,POINT (-117.7129884 34.0956764)
,5368543172,-117.7127348,34.0958507,POINT (-117.7127348 34.0958507)
,5368543185,-117.7127422,34.0956506,POINT (-117.7127422 34.0956506)
,5368543187,-117.7126369,34.0958629,POINT (-117.7126369 34.0958629)
,5368543188,-117.7131569,34.0958131,POINT (-117.7131569 34.0958131)
,5366824924,-117.7033499,34.1062179,POINT (-117.7033499 34.1062179)
,5366824926,-117.704145,34.1056221,POINT (-117.704145 34.1056221)
,5366824927,-117.7040837,34.1056225,POINT (-117.7040837 34.1056225)
,5368543202,-117.713196,34.0963239,POINT (-117.713196 34.0963239)
,5368543203,-117.7132105,34.0962905,POINT (-117.7132105 34.0962905)
,5368543206,-117.7133316,34.0963105,POINT (-117.7133316 34.0963105)
,5368543207,-117.7143718,34.095898,POINT (-117.7143718 34.095898)
,5368543208,-117.7143704,34.0956492,POINT (-117.7143704 34.0956492)
,5368543209,-117.7141518,34.0957559,POINT (-117.7141518 34.0957559)
,5368543210,-117.7141518,34.095649,POINT (-117.7141518 34.095649)
,5368543211,-117.7137347,34.0956488,POINT (-117.7137347 34.0956488)
,5368543212,-117.7137347,34.0957525,POINT (-117.7137347 34.0957525)
,5368543213,-117.7139359,34.0956489,POINT (-117.7139359 34.0956489)
,5368543214,-117.7139359,34.0957437,POINT (-117.7139359 34.0957437)
,5366824938,-117.7044051,34.1050218,POINT (-117.7044051 34.1050218)
,5366824946,-117.7049371,34.105147,POINT (-117.7049371 34.105147)
,5366824947,-117.7047351,34.1049431,POINT (-117.7047351 34.1049431)
,5326481400,-117.704067,34.1045225,POINT (-117.704067 34.1045225)
,5326481402,-117.7041515,34.1042204,POINT (-117.7041515 34.1042204)
,5326481403,-117.7044194,34.1042215,POINT (-117.7044194 34.1042215)
,5366824956,-117.7049156,34.1044681,POINT (-117.7049156 34.1044681)
,5326481405,-117.7044571,34.104828,POINT (-117.7044571 34.104828)
,5326481406,-117.7037784,34.1045833,POINT (-117.7037784 34.1045833)
,5326481407,-117.703729,34.1048156,POINT (-117.703729 34.1048156)
